Timestamp (ms),<class 'type'>
5169,285
5170,284
5171,284
5172,285
5173,285
5174,285
5175,286
5176,285
5177,285
5178,285
5179,284
5180,284
5181,285
5182,284
5183,285
5184,284
5185,285
5186,285
5187,284
5188,285
5189,285
5190,284
5191,285
5192,284
5193,284
5194,285
5195,284
5196,284
5197,286
5198,285
5199,285
5200,285
5201,285
5202,285
5203,284
5204,284
5205,285
5206,285
5207,285
5208,284
5209,285
5210,286
5211,284
5212,285
5213,285
5214,285
5215,286
5216,285
5217,286
5218,283
5230,285
5230,285
5231,285
5232,285
5233,284
5234,286
5235,285
5236,284
5237,285
5238,285
5239,286
5240,284
5241,285
5242,286
5243,285
5244,285
5245,283
5246,284
5247,285
5248,284
5249,286
5250,283
5251,286
5252,285
5253,284
5254,285
5255,285
5256,285
5257,285
5258,285
5259,284
5260,284
5261,286
5262,284
5263,285
5264,286
5265,284
5266,284
5267,286
5268,286
5273,284
5273,285
5274,284
5275,283
5276,285
5277,284
5278,284
5279,285
5280,284
5281,286
5282,285
5283,283
5284,285
5285,285
5286,284
5287,285
5288,284
5289,284
5290,285
5291,284
5292,286
5293,284
5294,284
5295,286
5296,284
5297,284
5298,286
5299,285
5300,285
5301,286
5302,285
5303,285
5304,287
5305,285
5306,285
5307,286
5308,285
5309,287
5310,285
5311,284
5312,285
5313,285
5314,284
5315,285
5316,284
5317,285
5318,285
5323,286
5323,285
5324,286
5325,285
5326,285
5327,285
5328,284
5329,287
5330,285
5331,285
5332,285
5333,284
5334,285
5335,285
5336,284
5337,285
5338,285
5339,284
5340,286
5341,285
5342,285
5343,284
5344,285
5345,285
5346,285
5347,284
5348,285
5349,285
5350,286
5351,285
5352,285
5353,284
5354,286
5355,286
5356,285
5357,286
5358,285
5359,285
5360,285
5361,285
5362,285
5363,285
5364,284
5365,284
5366,285
5367,284
5368,286
5373,284
5374,285
5375,286
5376,284
5377,285
5378,283
5379,286
5380,284
5381,285
5382,285
5383,286
5384,284
5385,285
5386,285
5387,285
5388,286
5389,285
5390,284
5391,285
5392,285
5393,284
5394,284
5395,286
5396,286
5397,285
5398,286
5399,285
5400,286
5401,285
5402,284
5403,286
5404,284
5405,284
5406,285
5407,284
5408,285
5409,285
5410,284
5411,286
5412,285
5413,285
5414,285
5415,285
5416,284
5417,284
5418,286
5424,286
5424,284
5425,284
5426,285
5427,284
5428,285
5429,286
5430,284
5431,285
5432,286
5433,285
5434,285
5435,285
5436,284
5437,285
5438,285
5439,285
5440,286
5441,284
5442,285
5443,286
5444,285
5445,285
5446,285
5447,285
5448,285
5449,286
5450,285
5451,285
5452,285
5453,284
5454,287
5455,284
5456,285
5457,286
5458,285
5459,286
5460,285
5461,284
5462,287
5463,285
5464,285
5465,286
5466,284
5467,285
5468,285
5473,286
5473,285
5474,286
5475,284
5476,286
5477,285
5478,285
5479,286
5480,285
5481,286
5482,286
5483,285
5484,285
5485,285
5486,284
5487,285
5488,286
5489,284
5490,284
5491,285
5492,285
5493,284
5494,285
5495,284
5496,285
5497,286
5498,285
5499,285
5500,284
5501,284
5502,286
5503,285
5504,285
5505,284
5506,285
5507,285
5508,285
5509,287
5510,285
5511,285
5512,285
5513,284
5514,285
5515,284
5516,283
5517,285
5518,284
5523,285
5523,284
5524,286
5525,285
5526,284
5527,286
5528,285
5529,285
5530,286
5531,286
5532,285
5533,285
5534,285
5535,285
5536,285
5537,286
5538,284
5539,285
5540,286
5541,285
5542,284
5543,285
5544,283
5545,285
5546,285
5547,286
5548,287
5549,286
5550,284
5551,286
5552,285
5553,285
5554,286
5555,284
5556,286
5557,285
5558,284
5559,285
5560,285
5561,286
5562,286
5563,285
5564,285
5565,285
5566,286
5567,284
5568,287
5573,285
5573,284
5574,285
5575,286
5576,285
5577,283
5578,285
5579,284
5580,285
5581,285
5582,285
5583,286
5584,284
5585,285
5586,285
5587,284
5588,286
5589,285
5590,285
5591,285
5592,285
5593,284
5594,286
5595,284
5596,286
5597,286
5598,285
5599,286
5600,285
5601,287
5602,284
5603,285
5604,286
5605,284
5606,284
5607,285
5608,286
5609,285
5610,286
5611,285
5612,285
5613,285
5614,285
5615,285
5616,285
5617,286
5618,285
5627,284
5627,284
5628,285
5629,284
5630,285
5631,285
5632,285
5633,285
5634,285
5635,284
5636,284
5637,286
5638,285
5639,285
5640,285
5641,284
5642,285
5643,284
5644,285
5645,286
5646,285
5647,286
5648,284
5649,285
5650,285
5651,285
5652,286
5653,284
5654,285
5655,285
5656,284
5657,286
5658,287
5659,286
5660,285
5661,287
5662,284
5663,286
5664,285
5665,285
5666,286
5667,284
5668,285
5673,284
5673,285
5674,286
5675,284
5676,286
5677,286
5678,285
5679,286
5680,285
5681,285
5682,285
5683,285
5684,284
5685,284
5686,286
5687,284
5688,285
5689,285
5690,283
5691,287
5692,284
5693,284
5694,285
5695,284
5696,285
5697,284
5698,285
5699,286
5700,285
5701,285
5702,285
5703,284
5704,285
5705,286
5706,284
5707,287
5708,285
5709,285
5710,285
5711,284
5712,285
5713,285
5714,284
5715,286
5716,284
5717,287
5718,285
5723,283
5723,284
5724,284
5725,285
5726,284
5727,286
5728,284
5729,284
5730,286
5731,284
5732,284
5733,286
5734,285
5735,284
5736,284
5737,285
5738,284
5739,287
5740,285
5741,285
5742,284
5743,285
5744,285
5745,283
5746,286
5747,286
5748,284
5749,286
5750,285
5751,285
5752,286
5753,284
5754,286
5755,284
5756,284
5757,286
5758,285
5759,284
5760,286
5761,286
5762,285
5763,286
5764,284
5765,285
5766,284
5767,284
5768,285
5773,284
5774,285
5775,286
5776,285
5777,285
5778,284
5779,286
5780,284
5781,285
5782,285
5783,284
5784,285
5785,284
5786,285
5787,285
5788,286
5789,286
5790,284
5791,287
5792,285
5793,286
5794,285
5795,285
5796,287
5797,285
5798,286
5799,285
5800,285
5801,285
5802,283
5803,286
5804,284
5805,285
5806,284
5807,285
5808,284
5809,286
5810,285
5811,285
5812,286
5813,285
5814,285
5815,285
5816,284
5817,285
5818,284
5824,285
5824,285
5825,284
5826,285
5827,286
5828,286
5829,285
5830,286
5831,284
5832,285
5833,286
5834,286
5835,286
5836,283
5837,285
5838,285
5839,284
5840,286
5841,286
5842,285
5843,284
5844,285
5845,286
5846,283
5847,286
5848,284
5849,285
5850,284
5851,285
5852,285
5853,284
5854,285
5855,284
5856,285
5857,285
5858,284
5859,286
5860,286
5861,285
5862,285
5863,286
5864,284
5865,284
5866,285
5867,285
5868,286
5874,285
5874,284
5875,286
5876,286
5877,284
5878,286
5879,285
5880,285
5881,284
5882,285
5883,283
5884,285
5885,284
5886,285
5887,285
5888,284
5889,284
5890,284
5891,285
5892,285
5893,286
5894,285
5895,286
5896,285
5897,286
5898,284
5899,288
5900,285
5901,285
5902,284
5903,285
5904,284
5905,285
5906,284
5907,285
5908,284
5909,284
5910,286
5911,286
5912,285
5913,284
5914,285
5915,285
5916,286
5917,284
5918,286
5923,286
5923,284
5924,284
5925,285
5926,284
5927,286
5928,285
5929,285
5930,285
5931,284
5932,284
5933,285
5934,285
5935,285
5936,285
5937,284
5938,285
5939,284
5940,285
5941,286
5942,284
5943,285
5944,285
5945,285
5946,284
5947,285
5948,284
5949,285
5950,285
5951,285
5952,286
5953,283
5954,287
5955,285
5956,285
5957,285
5958,285
5959,285
5960,284
5961,286
5962,285
5963,286
5964,285
5965,285
5966,286
5967,285
5968,284
5973,286
5973,285
5974,285
5975,284
5976,285
5977,285
5978,285
5979,285
5980,284
5981,285
5982,285
5983,285
5984,284
5985,285
5986,284
5987,285
5988,285
5989,283
5990,285
5991,285
5992,284
5993,286
5994,285
5995,284
5996,285
5997,285
5998,285
5999,285
6000,285
6001,285
6002,284
6003,285
6004,286
6005,285
6006,284
6007,286
6008,285
6009,285
6010,285
6011,285
6012,285
6013,285
6014,286
6015,285
6016,285
6017,284
6018,286
6027,285
6027,284
6028,284
6029,285
6030,285
6031,286
6032,285
6033,285
6034,285
6035,285
6036,287
6037,283
6038,285
6039,286
6040,285
6041,286
6042,285
6043,284
6044,286
6045,285
6046,285
6047,285
6048,286
6049,285
6050,285
6051,285
6052,284
6053,285
6054,285
6055,284
6056,285
6057,284
6058,286
6059,284
6060,285
6061,285
6062,285
6063,286
6064,285
6065,284
6066,286
6067,286
6068,285
6073,285
6073,285
6074,285
6075,284
6076,285
6077,285
6078,285
6079,286
6080,284
6081,284
6082,285
6083,284
6084,285
6085,285
6086,284
6087,284
6088,285
6089,285
6090,286
6091,286
6092,284
6093,286
6094,284
6095,284
6096,285
6097,286
6098,286
6099,285
6100,285
6101,286
6102,285
6103,285
6104,285
6105,285
6106,285
6107,284
6108,286
6109,284
6110,285
6111,285
6112,285
6113,285
6114,286
6115,285
6116,284
6117,285
6118,285
6123,285
6123,284
6124,285
6125,284
6126,286
6127,286
6128,284
6129,285
6130,285
6131,284
6132,286
6133,284
6134,285
6135,285
6136,285
6137,285
6138,286
6139,285
6140,285
6141,285
6142,283
6143,286
6144,285
6145,284
6146,285
6147,283
6148,285
6149,284
6150,285
6151,285
6152,285
6153,286
6154,285
6155,286
6156,285
6157,284
6158,286
6159,285
6160,285
6161,286
6162,285
6163,287
6164,284
6165,284
6166,285
6167,284
6168,286
6173,286
6174,286
6175,284
6176,285
6177,285
6178,284
6179,286
6180,284
6181,285
6182,285
6183,283
6184,286
6185,285
6186,284
6187,286
6188,284
6189,283
6190,285
6191,284
6192,286
6193,285
6194,285
6195,287
6196,285
6197,286
6198,286
6199,285
6200,283
6201,286
6202,285
6203,284
6204,285
6205,286
6206,285
6207,285
6208,284
6209,284
6210,284
6211,285
6212,284
6213,286
6214,285
6215,285
6216,284
6217,285
6218,285
6224,285
6224,283
6225,284
6226,286
6227,286
6228,285
6229,284
6230,284
6231,284
6232,286
6233,284
6234,285
6235,285
6236,285
6237,284
6238,285
6239,284
6240,285
6241,286
6242,284
6243,286
6244,284
6245,285
6246,283
6247,285
6248,285
6249,287
6250,285
6251,286
6252,285
6253,285
6254,284
6255,284
6256,286
6257,286
6258,285
6259,284
6260,284
6261,285
6262,286
6263,285
6264,285
6265,283
6266,285
6267,285
6268,284
6274,286
6274,285
6275,285
6276,284
6277,286
6278,286
6279,284
6280,285
6281,285
6282,284
6283,283
6284,283
6285,285
6286,285
6287,284
6288,285
6289,284
6290,284
6291,285
6292,285
6293,284
6294,285
6295,285
6296,285
6297,285
6298,285
6299,287
6300,285
6301,285
6302,286
6303,284
6304,285
6305,285
6306,285
6307,285
6308,284
6309,285
6310,285
6311,286
6312,286
6313,284
6314,286
6315,284
6316,285
6317,287
6318,284
6323,285
6323,285
6324,286
6325,283
6326,285
6327,285
6328,285
6329,287
6330,284
6331,285
6332,285
6333,285
6334,286
6335,285
6336,285
6337,286
6338,285
6339,286
6340,284
6341,285
6342,285
6343,284
6344,285
6345,285
6346,283
6347,286
6348,284
6349,284
6350,287
6351,285
6352,285
6353,285
6354,285
6355,288
6356,284
6357,287
6358,284
6359,285
6360,285
6361,286
6362,285
6363,285
6364,285
6365,286
6366,284
6367,285
6368,284
6372,286
6372,285
6373,286
6374,285
6375,284
6376,285
6377,284
6378,285
6379,284
6380,283
6381,286
6382,285
6383,285
6384,285
6385,284
6386,286
6387,285
6388,286
6389,285
6390,285
6391,285
6392,285
6393,285
6394,285
6395,285
6396,285
6397,284
6398,286
6399,286
6400,286
6401,286
6402,285
6403,285
6404,284
6405,286
6406,285
6407,285
6408,286
6409,285
6410,286
6411,285
6412,286
6413,284
6414,286
6415,284
6416,285
6417,286
6418,284
6427,285
6427,286
6428,285
6429,285
6430,286
6431,285
6432,284
6433,285
6434,285
6435,285
6436,285
6437,284
6438,283
6439,285
6440,284
6441,286
6442,284
6443,285
6444,284
6445,285
6446,286
6447,284
6448,284
6449,284
6450,285
6451,286
6452,285
6453,285
6454,284
6455,285
6456,285
6457,287
6458,285
6459,285
6460,286
6461,284
6462,285
6463,285
6464,286
6465,285
6466,285
6467,285
6468,286
6473,285
6473,285
6474,285
6475,284
6476,286
6477,285
6478,285
6479,285
6480,284
6481,285
6482,284
6483,285
6484,285
6485,284
6486,285
6487,286
6488,284
6489,284
6490,286
6491,284
6492,287
6493,284
6494,286
6495,285
6496,285
6497,285
6498,286
6499,285
6500,285
6501,285
6502,285
6503,285
6504,284
6505,285
6506,285
6507,285
6508,286
6509,286
6510,285
6511,285
6512,284
6513,285
6514,286
6515,286
6516,285
6517,285
6518,285
6523,285
6523,284
6524,285
6525,284
6526,285
6527,284
6528,284
6529,285
6530,284
6531,284
6532,286
6533,284
6534,285
6535,286
6536,285
6537,285
6538,284
6539,286
6540,284
6541,286
6542,285
6543,285
6544,286
6545,285
6546,285
6547,285
6548,285
6549,285
6550,284
6551,285
6552,285
6553,285
6554,284
6555,284
6556,285
6557,285
6558,285
6559,286
6560,284
6561,285
6562,285
6563,285
6564,285
6565,287
6566,284
6567,285
6568,285
6573,286
6573,285
6574,284
6575,285
6576,285
6577,284
6578,286
6579,284
6580,285
6581,284
6582,284
6583,286
6584,285
6585,285
6586,286
6587,285
6588,285
6589,284
6590,284
6591,286
6592,285
6593,285
6594,285
6595,285
6596,286
6597,285
6598,284
6599,285
6600,284
6601,286
6602,286
6603,284
6604,284
6605,285
6606,285
6607,287
6608,284
6609,286
6610,285
6611,285
6612,286
6613,285
6614,284
6615,285
6616,285
6617,285
6618,287
6624,285
6624,285
6625,284
6626,285
6627,285
6628,284
6629,287
6630,285
6631,285
6632,286
6633,284
6634,285
6635,286
6636,285
6637,284
6638,287
6639,284
6640,285
6641,285
6642,285
6643,286
6644,284
6645,285
6646,285
6647,285
6648,285
6649,285
6650,285
6651,285
6652,286
6653,285
6654,285
6655,285
6656,284
6657,286
6658,286
6659,285
6660,285
6661,284
6662,285
6663,285
6664,284
6665,287
6666,284
6667,286
6668,285
6674,286
6674,285
6675,285
6676,285
6677,285
6678,286
6679,285
6680,286
6681,285
6682,285
6683,285
6684,284
6685,286
6686,284
6687,284
6688,285
6689,285
6690,285
6691,284
6692,285
6693,285
6694,283
6695,285
6696,284
6697,287
6698,284
6699,286
6700,286
6701,285
6702,286
6703,285
6835,285
6836,284
6874,286
6874,285
6928,284
6975,285
7028,285
7074,284
7128,285
7174,285
7174,285
7246,285
7247,284
7275,286
7328,284
7374,286
7427,285
7427,285
7474,285
7474,287
7527,285
7527,285
7574,284
7628,285
7674,285
7727,286
7774,285
7774,286
7827,286
7827,285
7827,285
7874,285
7928,285
7974,285
8027,284
8074,285
8127,285
8127,285
8174,286
8228,284
8274,286
8327,285
8374,284
8374,284
8428,285
8475,284
8528,285
8574,285
8628,286
8674,287
8674,286
8674,286
8728,285
8775,285
8828,285
8884,285
8927,285
8927,285
8927,285
8974,285
8974,285
9027,285
9027,286
9074,285
9127,284
9174,285
9227,285
9274,284
9274,285
9327,285
9327,285
9374,285
9428,285
9474,284
9527,285
9527,285
9574,286
9575,285
9627,285
9627,285
9674,285
9728,285
9774,285
9827,285
9874,284
9874,286
9927,285
9927,285
9974,284
10028,284
10074,286
10127,285
10174,285
10174,285
10174,285
10227,284
10227,285
10274,284
10328,285
10374,285
10427,284
10474,284
10474,285
10527,284
10574,283
10628,284
10674,286
10727,285
10774,284
10827,284
10874,285
10928,286
10974,286
11027,284
11074,286
11074,284
11127,286
11174,285
11228,284
11274,285
11327,285
11374,285
11427,285
11474,285
11528,285
11574,284
11627,284
11674,284
11727,286
11774,285
11828,285
11874,286
11927,286
11974,286
11974,286
11974,286
12027,284
12074,285
12074,285
12128,285
12174,285
12227,284
12274,285
12274,284
12327,285
12374,285
12428,285
12474,286
12527,285
12574,285
12574,284
12627,285
12674,284
12728,286
12774,286
12827,284
12874,284
12874,286
12927,285
12974,285
13028,285
13074,285
13127,283
13174,284
13174,284
13227,285
13274,285
13328,286
13374,284
13427,285
13474,284
13527,285
13574,286
13628,284
13628,284
13674,285
13727,286
13774,286
13774,285
13827,285
13874,285
13928,286
13974,285
14027,286
14027,286
14074,284
14074,285
14127,284
14127,284
14174,285
14228,285
14274,285
14327,286
14374,285
14374,284
14374,284
14427,285
14474,285
14528,287
14574,286
14627,285
14674,287
14674,285
14727,285
14774,284
14833,286
14874,285
14930,284
14974,284
15028,285
15074,284
15074,285
15128,285
15175,286
15228,285
15274,284
15328,285
15374,284
15374,284
15428,286
15475,285
15528,285
15574,284
15637,285
15637,285
15674,284
15727,284
15727,286
15774,284
15828,285
15874,284
15927,285
15974,284
15974,285
16027,285
16074,285
16128,287
16174,285
16227,284
16274,284
16274,286
16327,286
16374,285
16428,285
16474,285
16527,285
16574,285
16574,285
16627,284
16674,285
16728,285
16774,285
16827,284
16874,284
16927,286
16974,284
17028,286
17074,285
17127,285
17174,286
17227,286
17274,284
17328,286
17374,286
17427,285
17474,285
17474,285
17527,285
17574,284
17628,285
17674,285
17727,284
17774,285
17774,285
17827,285
17874,286
17928,285
17974,286
18027,286
18074,284
18127,285
18174,285
18228,285
18274,285
18327,286
18374,285
18375,284
18427,284
18474,286
18528,286
18574,284
18574,284
18627,284
18674,285
18674,285
18727,285
18774,286
18828,285
18874,285
18927,286
18974,285
18974,285
19027,284
19074,285
19128,284
19174,284
19227,286
19274,285
19327,285
19374,284
19428,285
19474,287
19527,285
19574,286
19574,285
19627,285
19674,284
19728,285
19774,284
19827,285
19874,286
19874,285
19874,285
19927,286
19974,286
20028,285
20074,286
20128,283
20174,285
20174,285
20227,286
20274,284
20328,285
20374,287
20428,283
20474,285
20527,285
20574,285
20628,285
20674,284
20728,284
20774,284
20774,284
20827,285
20874,286
20928,285
20974,285
21028,284
21074,286
21074,284
21127,285
21174,285
21228,284
21274,286
21328,284
21374,284
21374,284
21428,282
21474,284
21528,284
21574,283
21628,285
21674,285
21674,286
21727,286
21774,284
21828,285
21874,285
21928,284
21974,284
22028,285
22075,284
22128,284
22174,285
22228,286
22274,285
22328,285
22384,285
22384,285
22427,285
22474,285
22527,285
22574,285
22627,286
22674,284
22728,284
22774,285
22828,285
22874,285
22874,285
22927,285
22974,287
23028,286
23074,284
23128,284
23174,284
23174,285
23227,285
23274,286
23328,284
23374,284
23428,284
23474,284
23527,284
23574,283
23628,284
23674,286
23728,284
23774,285
23774,286
23827,285
23874,284
23928,285
23974,284
24028,284
24074,284
24074,284
24127,284
24174,285
24228,285
24274,284
24328,284
24374,285
24374,284
24427,285
24474,285
24528,285
24574,285
24628,285
24674,284
24674,286
24727,286
24774,286
24828,284
24874,285
24928,283
24974,285
24974,284
24974,284
25028,284
25074,285
25128,286
25174,285
25228,284
25274,286
25328,285
25374,285
25428,286
25474,283
25528,285
25574,285
25574,286
25628,284
25674,284
25728,285
25774,285
25828,284
25874,284
25874,284
25928,287
25974,286
26028,284
26074,286
26128,284
26174,285
26174,284
26228,284
26274,286
26328,284
26374,285
26428,286
26474,286
26528,284
26575,285
26628,283
26674,287
26728,286
26774,286
26774,285
26828,285
26875,284
26928,285
26974,284
27028,283
27074,283
27128,285
27175,285
27228,284
27274,285
27328,285
27328,285
27374,284
27374,285
27428,283
27475,285
27528,285
27574,284
27634,284
27674,285
27674,285
27729,284
27729,285
27774,284
27827,285
27874,285
27928,284
27974,285
27974,284
28028,285
28075,285
28128,285
28174,283
28228,284
28274,286
28274,286
28328,284
28375,285
28428,286
28474,285
28474,285
28528,285
28574,285
28574,285
28628,285
28675,285
28728,284
28774,284
28828,285
28874,285
28928,286
28975,284
29028,285
29074,286
29137,284
29174,285
29174,286
29227,285
29274,285
29328,284
29374,284
29428,284
29474,284
29528,284
29575,285
29628,284
29628,284
29674,286
29728,284
29774,285
29828,285
29875,284
29928,286
29974,287
30028,286
30074,286
30074,285
30128,284
30226,285
30226,285
30226,1
30230,285
30231,283
30278,285
30278,285
30324,286
30377,285
30377,284
30424,284
30424,284
30477,285
30477,284
30524,285
30577,285
30624,285
30677,284
30677,284
30677,284
30724,284
30724,284
30777,284
30777,284
30777,284
30824,284
30877,282
30924,280
30977,278
30977,277
31024,273
31024,272
31077,272
31077,273
31124,272
31177,273
31224,275
31277,274
31324,273
31324,273
31377,275
31377,274
31496,272
31496,272
31496,1
31501,275
31502,273
31527,274
31574,274
31627,272
31674,273
31674,274
31674,274
31727,272
31774,275
31828,274
31874,272
31927,273
31974,273
31974,274
32027,274
32074,274
32128,274
32174,273
32227,274
32274,273
32274,273
32327,273
32374,273
32428,273
32474,275
32527,274
32574,274
32627,272
32746,273
32746,273
32746,1
32750,274
32751,274
32777,274
32824,273
32877,273
32924,273
32924,274
32977,272
33024,274
33078,273
33124,274
33177,272
33224,272
33224,275
33277,274
33324,273
33378,274
33424,274
33477,273
33524,274
33524,273
33577,274
33624,274
33678,274
33724,274
33777,273
33824,274
33824,274
33877,273
33995,274
33995,274
33995,1
33999,273
34000,273
34027,274
34073,274
34127,274
34173,274
34227,274
34274,273
34327,273
34373,274
34427,274
34473,273
34473,273
34527,274
34574,274
34627,274
34673,274
34727,274
34773,273
34773,273
34773,273
34827,273
34874,273
34927,275
34973,273
35027,273
35073,272
35073,273
35127,274
35245,273
35245,273
35245,1
35249,274
35249,274
35277,273
35324,274
35377,273
35424,274
35424,274
35477,274
35524,273
35578,272
35624,273
35678,273
35724,273
35724,273
35778,273
35824,273
35878,273
35924,273
35987,274
36024,274
36024,273
36077,273
36077,273
36124,273
36124,274
36177,273
36224,274
36277,274
36277,274
36324,274
36324,274
36377,275
36377,273
36495,272
36495,272
36495,1
36500,273
36501,272
36527,273
36574,274
36627,274
36674,273
36674,273
36727,274
36727,274
36774,273
36828,274
36874,272
36927,272
36974,274
36974,273
37027,274
37027,273
37074,275
37128,275
37174,274
37227,272
37274,273
37274,275
37274,275
37327,274
37374,272
37374,272
37428,273
37474,273
37527,274
37574,274
37574,274
37627,274
37746,273
37746,273
37746,1
37751,273
37751,272
37777,274
37824,272
37877,274
37924,272
37924,274
37977,273
38024,273
38078,273
38124,274
38177,274
38224,273
38224,273
38277,273
38324,274
38324,274
38378,273
38424,274
38477,274
38524,274
38524,273
38577,274
38624,272
38678,274
38724,274
38777,273
38824,273
38877,273
38996,273
38996,273
38996,1
39000,273
39001,273
39001,275
39027,274
39074,274
39127,275
39174,275
39174,274
39227,273
39274,275
39328,273
39374,274
39427,273
39474,273
39474,274
39527,273
39574,273
39628,271
39674,273
39727,273
39774,272
39774,273
39827,273
39874,273
39928,275
39974,272
40027,274
40074,272
40074,274
40127,273
40245,274
40245,274
40245,1
40250,274
40251,274
40277,273
40324,273
40377,273
40424,273
40424,273
40477,274
40524,274
40578,274
40624,272
40677,274
40724,274
40724,274
40777,273
40824,274
40883,273
40924,275
40980,273
41024,274
41078,274
41124,274
41124,273
41177,275
41224,274
41278,274
41324,273
41377,274
41483,273
41483,273
41483,1
41488,274
41489,274
41527,274
41574,272
41628,273
41674,272
41727,272
41774,273
41774,274
41827,274
41874,274
41928,273
41974,274
42027,274
42074,274
42127,273
42174,275
42228,273
42274,273
42328,274
42374,274
42374,274
42428,274
42475,274
42528,274
42574,273
42628,273
42674,274
42728,274
42784,274
42827,274
42874,274
42927,272
42927,273
42974,272
42974,274
43027,273
43074,273
43128,275
43174,274
43227,275
43274,273
43274,275
43327,273
43374,274
43428,274
43474,272
43527,274
43574,275
43574,275
43627,274
43674,274
43728,272
43774,272
43827,274
43874,274
43927,273
43974,273
44028,273
44074,274
44127,274
44174,272
44174,273
44227,274
44274,273
44328,274
44374,273
44427,273
44474,273
44474,272
44527,272
44574,274
44628,274
44674,274
44727,273
44774,275
44774,273
44827,274
44874,273
44928,274
44974,274
45027,273
45027,273
45074,274
45127,272
45174,275
45228,273
45274,274
45327,274
45374,274
45374,273
45427,273
45474,275
45528,274
45574,273
45627,274
45674,274
45674,274
45727,273
45774,273
45828,274
45874,274
45927,274
45974,274
46027,273
46074,275
46128,273
46174,273
46227,273
46274,274
46274,273
46327,274
46374,273
46428,274
46474,274
46527,274
46574,273
46627,274
46674,273
46728,275
46774,273
46827,273
46874,273
46874,274
46927,274
46974,273
47028,273
47074,273
47128,274
47174,275
47174,273
47227,273
47274,272
47328,274
47374,274
47428,273
47474,273
47474,274
47528,273
47574,273
47628,274
47674,274
47728,272
47774,274
47774,274
47827,275
47874,274
47928,273
47974,274
48028,274
48074,274
48074,274
48127,274
48174,274
48228,273
48274,275
48328,272
48374,273
48374,273
48427,273
48474,274
48528,273
48574,274
48628,272
48674,274
48674,274
48727,273
48774,275
48828,274
48874,273
48928,274
48974,273
48974,273
49027,273
49075,273
49128,275
49174,273
49228,274
49274,272
49274,274
49328,275
49375,273
49428,273
49474,274
49528,274
49584,273
49585,273
49627,273
49627,273
49674,273
49728,272
49774,274
49827,273
49874,273
49874,272
49927,273
49974,274
50028,274
50074,274
50128,273
50174,273
50174,273
50227,274
50274,273
50328,274
50374,273
50428,273
50474,274
50474,274
50527,274
50574,273
50628,273
50674,274
50728,274
50774,273
50774,275
50774,275
50827,273
50874,273
50928,274
50974,274
51028,274
51074,275
51074,273
51074,273
51127,274
51174,273
51228,274
51274,273
51328,274
51374,275
51374,274
51427,272
51474,273
51528,274
51574,274
51628,272
51674,273
51727,273
51774,272
51828,273
51874,274
51928,274
51974,274
52027,274
52074,274
52128,274
52174,274
52228,272
52274,274
52274,274
52328,273
52375,274
52428,274
52474,274
52528,274
52574,273
52574,273
52628,273
52675,274
52728,273
52774,274
52828,274
52874,274
52874,275
52874,275
52928,274
52974,272
53028,274
53074,274
53128,274
53174,274
53174,274
53228,274
53274,274
53328,274
53374,274
53428,274
53474,273
53474,275
53528,276
53574,273
53628,273
53692,273
53693,274
53734,274
53735,275
53774,273
53774,273
53829,274
53874,274
53927,274
53927,274
53974,273
54027,272
54027,273
54027,273
54074,273
54074,271
54127,273
54127,272
54174,272
54227,273
54227,275
54274,272
54327,273
54327,273
54374,274
54374,273
54427,273
54427,273
54474,274
54527,273
54527,274
54574,273
54627,274
54627,272
54674,274
54727,272
54774,273
54827,274
54827,274
54874,273
54927,274
54927,273
54974,273
54974,274
55027,274
55074,274
55127,274
55127,273
55174,274
55227,274
55227,274
55274,274
55274,273
55327,274
55327,273
55374,273
55427,273
55427,275
55427,275
55474,273
55527,275
55527,274
55574,274
55574,274
55574,274
55627,273
55627,275
55674,273
55727,274
55727,273
55774,274
55827,273
55827,275
55874,273
55874,274
55874,274
55927,274
55927,273
55974,272
56027,275
56027,275
56074,274
56127,273
56127,274
56174,274
56227,272
56227,273
56227,272
56274,272
56337,272
56337,273
56374,274
56427,274
56427,274
56474,274
56474,275
56527,274
56527,273
56574,274
56574,275
56574,275
56627,275
56674,273
56727,273
56774,273
56774,273
56827,275
56827,274
56874,273
56927,275
56927,274
56974,275
56974,275
57027,274
57027,273
57027,273
57074,272
57074,274
57074,272
57127,272
57127,273
57174,273
57227,274
57227,273
57274,273
57327,273
57327,275
57374,273
57427,273
57427,274
57474,273
57527,274
57527,273
57574,274
57627,274
57627,273
57674,274
57674,274
57727,274
57727,273
57774,274
57827,274
57874,274
57927,272
57927,273
57974,274
57974,276
58027,274
58027,274
58074,274
58127,273
58174,273
58227,274
58227,273
58274,273
58274,274
58327,274
58327,274
58374,272
58427,274
58427,274
58474,273
58527,273
58527,273
58574,273
58574,274
58574,274
58627,274
58627,274
58674,274
58727,273
58727,274
58774,273
58827,274
58827,273
58874,274
58927,274
58974,273
59027,273
59027,275
59027,275
59074,274
59127,274
59127,274
59174,274
59174,273
59227,275
59227,273
59274,273
59327,273
59374,274
59427,274
59427,274
59474,274
59527,274
59527,272
59574,274
59627,274
59627,274
59627,274
59674,273
59727,273
59774,273
59774,274
59827,274
59827,273
59874,274
59927,274
59974,274
60027,274
60027,275
60074,273
60074,273
60127,274
60127,274
60127,274
60174,275
60174,275
60227,274
60227,275
60274,274
60327,273
60327,274
60374,273
60427,274
60427,272
60474,274
60474,274
60527,273
60527,273
60527,273
60574,274
60627,274
60627,275
60627,274
60674,272
60674,273
60727,272
60727,272
60774,274
60827,273
60827,273
60874,274
60927,274
60927,275
60974,274
60974,275
61027,272
61027,273
61074,273
61127,273
61127,274
61174,273
61227,273
61274,273
61274,275
61327,275
61374,273
61427,273
61474,273
61527,273
61527,274
61574,271
61574,275
61627,274
61627,273
61674,273
61727,275
61727,273
61727,273
61774,274
61827,274
61828,273
61874,274
61927,273
61974,274
62027,274
62027,275
62074,274
62127,272
62127,275
62174,273
62174,273
62227,273
62227,273
62227,273
62274,273
62327,275
62327,273
62374,272
62427,274
62427,275
62474,274
62474,275
62474,275
62527,274
62527,274
62574,273
62627,274
62627,273
62674,273
62727,272
62727,273
62774,273
62774,273
62827,274
62827,275
62875,272
62927,274
62927,273
62974,273
63027,275
63027,273
63084,274
63084,274
63084,274
63127,272
63127,273
63127,273
63174,273
63227,274
63274,272
63327,274
63327,274
63327,274
63374,274
63374,272
63427,275
63474,274
63527,273
63527,273
63574,274
63627,274
63627,275
63674,272
63674,273
63727,273
63727,273
63727,273
63774,273
63827,273
63827,273
63874,273
63927,273
63927,273
63974,274
63974,273
64027,274
64027,273
64074,273
64127,273
64127,274
64127,273
64174,274
64227,273
64227,274
64274,273
64274,273
64274,273
64327,273
64327,272
64374,273
64427,273
64427,273
64474,274
64527,273
64527,274
64574,273
64627,272
64627,274
64674,273
64727,273
64727,274
64727,274
64774,273
64827,273
64827,274
64827,274
64874,274
64927,274
64927,273
64974,274
65027,274
65027,274
65027,274
65074,275
65127,274
65127,274
65174,273
65174,273
65227,273
65274,273
65274,273
65327,273
65327,273
65374,273
65427,274
65474,274
65474,272
65527,274
65527,274
65527,274
65574,275
65627,274
65674,273
65727,273
65774,274
65774,273
65827,274
65874,274
65927,272
65974,274
66027,275
66027,273
66027,275
66074,274
66075,275
66127,273
66127,275
66174,274
66227,273
66227,274
66274,274
66327,274
66374,273
66374,274
66427,274
66427,272
66474,274
66533,274
66574,274
66629,275
66629,273
66674,273
66727,274
66727,274
66774,273
66774,273
66827,275
66827,273
66874,274
66927,274
66927,274
66974,274
67027,273
67027,274
67074,273
67074,274
67074,274
67127,275
67174,272
67227,273
67227,274
67274,274
67327,274
67327,274
67374,274
67374,273
67374,273
67427,272
67427,274
67474,274
67527,272
67574,273
67627,273
67627,274
67674,275
67674,274
67727,272
67774,274
67827,275
67874,274
67927,274
67927,273
67974,273
68027,272
68027,272
68074,274
68127,274
68174,273
68227,273
68227,273
68274,273
68274,274
68327,274
68327,273
68327,274
68374,274
68427,273
68474,273
68527,273
68574,272
68574,274
68627,273
68674,274
68727,273
68774,273
68827,274
68827,273
68874,274
68927,274
68927,274
68974,274
69027,273
69074,274
69127,272
69127,273
69174,275
69174,274
69227,274
69227,273
69274,274
69327,274
69327,274
69374,274
69427,273
69427,273
69474,274
69474,272
69527,285
69527,284
69575,296
69627,304
69674,309
69727,308
69727,310
69774,311
69837,310
69874,311
69927,302
69927,302
69974,294
70027,291
70074,291
70074,289
70127,290
70127,291
70174,291
70227,290
70227,291
70274,290
70327,292
70327,290
70374,290
70427,290
70427,290
70474,290
70527,290
70527,291
70574,292
70627,290
70628,290
70674,290
70674,290
70727,290
70774,291
70827,289
70874,291
70927,289
70927,287
70974,290
70974,289
71027,288
71027,289
71074,290
71127,290
71174,289
71227,289
71227,289
71274,288
71274,288
71327,289
71327,289
71374,288
71427,290
71474,289
71527,289
71574,289
71627,290
71627,289
71674,288
71674,288
71727,290
71774,291
71827,290
71874,288
71874,290
71927,289
71927,291
71974,290
72027,288
72074,289
72127,288
72127,288
72174,289
72174,288
72227,287
72227,287
72274,286
72327,286
72374,283
72427,280
72427,280
72474,279
72474,281
72527,281
72574,280
72627,281
72674,279
72727,281
72727,280
72774,281
72774,281
72827,278
72827,279
72874,278
72927,278
72974,278
73027,275
73027,279
73074,278
73074,278
73127,280
73127,278
73174,278
73227,279
73274,278
73327,278
73327,278
73374,278
73427,279
73427,277
73474,277
73527,280
73574,278
73627,278
73627,277
73674,278
73674,279
73727,278
73727,279
73774,279
73827,278
73874,278
73927,278
73927,279
73974,279
73974,280
74027,278
74027,278
74074,278
74127,278
74127,278
74174,279
74227,279
74227,280
74274,279
74274,278
74327,278
74327,279
74374,278
74427,277
74474,279
74527,277
74527,279
74574,279
74574,279
74627,277
74627,278
74674,277
74727,278
74774,278
74827,280
74827,278
74874,279
74875,278
74927,279
74927,278
74974,278
75027,278
75074,278
75127,279
75127,278
75174,278
75174,278
75227,278
75227,278
75275,278
75327,279
75374,278
75427,278
75427,278
75474,279
75474,279
75474,279
75527,278
75527,278
75575,279
75627,279
75674,279
75727,277
75727,278
75774,279
75774,278
75827,278
75827,279
75827,279
75875,278
75927,279
75974,279
76027,277
76027,279
76074,278
76074,278
76127,279
76175,278
76227,279
76274,279
76274,279
76327,277
76374,278
76374,278
76427,277
76475,278
76527,277
76574,278
76656,279
76674,278
76674,277
76727,278
76774,278
76774,278
76827,278
76874,278
76927,279
76927,279
76974,278
76974,278
76974,278
77027,278
77074,278
77127,278
77127,278
77127,278
77174,278
77227,278
77227,279
77274,279
77327,279
77327,278
77374,279
77427,278
77474,278
77527,278
77527,277
77574,278
77574,278
77627,279
77627,279
77674,278
77727,279
77727,280
77774,278
77827,278
77827,279
77874,279
77874,278
77927,278
77927,278
77974,278
78027,278
78027,279
78074,279
78127,278
78127,279
78174,278
78174,279
78227,277
78274,278
78274,278
78327,277
78327,279
78374,279
78427,279
78427,278
78474,279
78474,280
78474,280
78527,279
78527,276
78574,279
78627,278
78627,277
78674,278
78727,279
78727,278
78774,279
78774,278
78827,279
78827,278
78874,277
78927,279
78927,278
78974,279
79027,278
79027,279
79074,279
79074,277
79127,279
79127,277
79174,278
79227,278
79227,278
79227,278
79274,278
79334,279
79374,278
79374,278
79429,277
79429,278
79474,280
79527,278
79574,278
79627,278
79674,278
79674,278
79727,278
79727,277
79774,278
79828,278
79874,278
79927,278
79974,278
79974,278
80027,278
80074,278
80128,279
80174,279
80227,279
80274,280
80274,278
80327,279
80327,278
80374,278
80428,278
80474,278
80527,278
80574,278
80574,278
80574,278
80627,278
80627,278
80674,279
80728,278
80728,278
80774,278
80827,279
80874,278
80874,278
80927,278
80927,280
80974,278
81028,278
81074,278
81127,278
81174,279
81174,278
81227,278
81227,278
81274,278
81328,279
81374,279
81427,278
81474,278
81474,278
81527,278
81527,278
81574,280
81574,280
81628,279
81674,277
81727,279
81774,278
81774,278
81827,278
81874,278
81928,279
81974,278
82027,278
82074,278
82127,278
82174,279
82228,278
82274,279
82327,279
82374,279
82427,279
82474,278
82528,279
82574,279
82627,278
82674,279
82674,277
82727,278
82774,278
82828,278
82874,279
82928,279
82974,279
82974,278
82974,279
83028,278
83074,277
83128,278
83174,279
83228,277
83274,278
83274,278
83337,277
83337,279
83374,279
83427,278
83474,279
83527,278
83574,279
83627,280
83627,278
83674,277
83728,278
83774,279
83827,278
83874,278
83927,279
83927,278
83974,278
84028,278
84074,278
84127,278
84174,279
84174,278
84174,278
84227,279
84227,278
84274,278
84328,278
84374,279
84427,279
84474,278
84474,279
84527,279
84574,277
84628,277
84628,277
84674,279
84727,277
84774,279
84774,279
84827,279
84874,278
84928,279
84974,279
85027,279
85074,278
85074,277
85127,279
85174,278
85228,279
85274,279
85327,278
85374,279
85427,279
85474,279
85528,279
85574,278
85627,278
85674,279
85674,278
85727,279
85774,278
85828,278
85874,278
85928,278
85974,278
85974,277
86027,278
86074,277
86128,280
86174,278
86227,278
86274,277
86327,279
86374,278
86428,278
86474,279
86527,278
86574,280
86574,280
86574,280
86627,278
86674,279
86728,278
86774,277
86827,279
86874,279
86874,279
86927,278
86974,279
87028,279
87074,278
87127,280
87174,277
87227,277
87274,278
87328,278
87374,278
87427,279
87474,278
87474,280
87527,279
87574,278
87628,278
87674,279
87727,280
87774,279
87827,278
87874,278
87928,280
87974,277
88027,279
88074,278
88074,278
88127,278
88174,279
88228,279
88274,278
88327,279
88374,279
88374,278
88427,278
88474,279
88528,278
88574,279
88627,279
88674,278
88727,279
88727,279
88774,278
88828,279
88874,279
88927,279
88974,278
88974,277
89027,279
89074,278
89074,278
89128,278
89174,279
89227,279
89274,279
89274,278
89327,279
89374,279
89428,278
89474,278
89527,277
89574,278
89628,279
89675,279
89728,278
89774,278
89828,279
89874,278
89874,276
89928,278
89975,279
90028,279
90074,279
90137,279
90137,279
90174,277
90174,278
90227,276
90274,278
90328,278
90374,277
90427,280
90474,278
90474,277
90527,278
90574,278
90628,277
90674,279
90727,278
90774,279
90774,276
90827,278
90874,279
90928,278
90974,279
91027,277
91074,278
91074,279
91127,278
91174,277
91228,279
91274,277
91327,279
91374,279
91374,279
91427,278
91474,278
91474,278
91528,278
91574,278
91627,277
91674,279
91674,280
91727,278
91774,277
91828,279
91874,278
91927,277
91974,279
91974,277
92027,279
92074,278
92133,278
92174,279
92230,278
92274,278
92328,278
92374,279
92374,279
92427,279
92474,278
92528,279
92574,278
92627,279
92674,279
92727,279
92774,278
92828,279
92874,278
92928,279
92974,278
92974,278
93027,278
93074,279
93128,280
93174,278
93228,279
93274,278
93274,278
93327,279
93374,278
93428,279
93474,277
93527,278
93574,279
93574,280
93627,277
93674,277
93728,278
93774,279
93828,278
93874,279
93874,278
93927,278
93974,279
94028,280
94074,279
94128,280
94174,278
94174,279
94227,278
94274,278
94328,278
94374,278
94428,277
94474,279
94474,279
94527,278
94527,278
94574,279
94628,278
94674,278
94728,278
94774,278
94827,277
94874,278
94928,278
94974,278
95028,277
95074,280
95074,276
95127,279
95174,279
95228,277
95274,277
95328,279
95374,278
95374,278
95427,280
95474,279
95474,279
95528,277
95574,279
95628,278
95674,279
95674,278
95727,278
95774,278
95828,277
95874,277
95928,278
95974,278
96027,279
96074,277
96128,278
96174,279
96228,278
96274,278
96274,279
96328,278
96375,278
96428,279
96474,278
96528,277
96574,277
96574,280
96628,278
96675,279
96728,279
96774,279
96837,277
96874,278
96874,277
96927,279
96974,278
97028,278
97074,279
97127,279
97174,278
97174,277
97227,279
97274,279
97328,279
97374,278
97428,278
97474,277
97474,279
97527,278
97574,278
97628,280
97674,278
97728,280
97774,280
97774,279
97827,278
97874,280
97928,278
97974,277
98028,279
98074,278
98074,279
98128,279
98175,278
98228,278
98274,279
98328,278
98374,279
98374,279
98428,279
98474,279
98528,279
98574,278
98628,279
98674,279
98674,278
98728,278
98775,279
98828,278
98874,279
98928,279
98974,277
98974,277
99028,278
99074,279
99128,277
99174,278
99228,279
99274,278
99274,278
99328,279
99375,278
99428,278
99474,278
99528,278
99622,278
99622,278
99622,1
99627,278
99678,278
99725,278
99777,279
99824,278
99877,278
99877,278
99924,278
99924,277
99977,277
99977,278
100024,279
100024,278
100077,278
100124,280
100177,279
100177,278
100177,279
100224,280
100224,278
100277,278
100277,279
100324,280
100324,279
100377,278
100377,278
100424,278
100477,280
100477,278
100524,278
100524,278
100577,278
100577,278
100624,278
100678,279
100724,278
100777,278
100777,279
100896,278
100896,278
100896,1
100901,277
100902,279
100926,278
100974,278
101027,279
101073,277
101127,278
101173,279
101173,280
101226,278
101226,278
101274,279
101327,278
101373,278
101427,279
101473,277
101473,279
101473,279
101526,278
101574,278
101627,279
101673,277
101727,279
101773,278
101773,278
101826,278
101874,277
101927,278
101973,278
102027,277
102144,278
102144,278
102144,1
102148,278
102149,278
102149,279
102177,278
102177,279
102224,279
102278,278
102324,277
102377,278
102424,278
102424,279
102477,277
102477,278
102524,277
102578,279
102624,278
102677,277
102724,280
102777,278
102777,279
102824,278
102878,278
102924,277
102977,277
103024,278
103024,278
103077,279
103077,279
103124,279
103178,277
103224,278
103278,278
103396,279
103396,279
103396,1
103401,279
103401,279
103427,278
103474,278
103528,279
103574,278
103627,278
103684,279
103727,280
103727,278
103774,279
103774,278
103828,278
103874,279
103927,278
103974,277
103974,279
104027,278
104027,278
104074,276
104128,279
104174,278
104227,280
104274,279
104274,278
104327,279
104327,277
104327,277
104374,280
104428,279
104474,279
104527,277
104646,278
104646,278
104646,1
104650,277
104651,279
104677,279
104677,278
104724,278
104778,278
104824,279
104877,279
104924,277
104924,281
104977,277
104977,279
105024,278
105078,279
105124,278
105184,279
105184,277
105224,279
105224,278
105279,279
105324,279
105377,279
105424,279
105477,278
105524,278
105524,278
105577,279
105577,279
105624,278
105678,278
105724,278
105777,279
105895,278
105895,278
105895,1
105900,278
105900,278
105927,278
105927,278
105974,278
106028,279
106074,279
106127,278
106174,279
106174,278
106227,278
106227,278
106274,277
106328,279
106374,277
106427,279
106474,278
106474,277
106527,278
106527,278
106574,278
106628,279
106674,279
106727,279
106774,278
106827,279
106874,278
106928,279
106974,278
107027,279
107146,280
107146,280
107146,1
107151,279
107151,278
107177,278
107224,279
107224,279
107278,279
107324,278
107377,278
107424,278
107424,279
107424,279
107477,278
107477,279
107524,278
107578,279
107624,278
107677,279
107724,278
107724,279
107777,279
107824,280
107878,277
107924,278
107977,279
108024,279
108024,279
108077,279
108124,279
108178,278
108224,279
108277,279
108397,278
108397,278
108397,1
108401,279
108402,279
108402,278
108427,278
108427,279
108474,278
108528,279
108574,279
108627,279
108674,279
108727,279
108774,278
108828,278
108874,278
108927,277
108974,278
108974,279
109027,278
109074,279
109128,279
109174,279
109227,278
109274,278
109274,279
109327,280
109374,280
109428,277
109474,279
109527,277
109646,279
109646,279
109646,1
109651,279
109651,277
109677,278
109677,278
109677,278
109724,278
109778,279
109824,278
109877,278
109924,280
109924,278
109977,279
110024,278
110078,279
110124,279
110178,279
110224,278
110224,278
110278,277
110324,278
110378,278
110424,278
110487,279
110487,279
110524,277
110524,278
110577,279
110577,279
110577,279
110624,277
110624,278
110624,278
110678,279
110724,279
110777,278
110777,279
110880,277
110880,277
110880,1
110885,279
110885,279
110927,279
110974,277
111027,277
111073,279
111127,278
111173,279
111173,278
111226,277
111274,279
111327,278
111373,279
111427,279
111473,279
111473,278
111526,277
111574,278
111627,279
111673,279
111727,278
111773,278
111773,278
111827,278
111874,279
111927,279
111973,279
112027,278
112073,278
112073,278
112127,279
112174,278
112227,278
112273,278
112327,279
112373,277
112373,278
112427,278
112474,278
112527,278
112573,277
112627,278
112673,279
112673,280
112727,279
112774,279
112827,278
112873,278
112927,280
112973,278
112973,278
113027,278
113074,279
113127,278
113173,278
113227,279
113273,277
113273,277
113327,278
113374,279
113427,279
113473,278
113527,278
113573,278
113573,280
113627,279
113674,279
113727,279
113773,278
113827,279
113873,278
113873,279
113927,277
113974,279
114027,278
114073,277
114127,278
114173,279
114227,280
114274,278
114327,277
114373,279
114427,278
114473,278
114473,280
114527,278
114574,277
114627,278
114673,278
114673,278
114727,278
114773,277
114773,278
114827,279
114874,279
114927,278
114973,279
115027,278
115073,278
115073,278
115127,278
115174,279
115227,279
115273,280
115327,279
115373,278
115373,278
115427,279
115474,279
115527,279
115573,278
115627,277
115673,280
115673,279
115727,279
115774,278
115827,278
115873,280
115927,280
115973,278
116027,277
116074,278
116127,278
116173,278
116227,279
116273,279
116273,278
116327,278
116374,278
116427,279
116473,279
116527,278
116573,279
116573,279
116627,278
116674,278
116727,279
116773,278
116827,279
116873,278
116927,280
116974,279
117027,279
117073,278
117127,279
117173,279
117227,279
117283,279
117327,278
117373,279
117427,278
117473,278
117473,279
117526,279
117574,278
117627,278
117673,279
117727,278
117727,278
117773,278
117773,279
117827,278
117874,280
117927,279
117973,277
118027,279
118073,278
118073,280
118127,279
118174,279
118232,278
118232,279
118273,277
118329,278
118373,278
118427,278
118473,278
118473,279
118527,279
118574,278
118574,278
118627,279
118673,280
118727,279
118773,279
118773,279
118827,280
118874,279
118927,278
118973,279
119027,280
119073,279
119073,278
119127,280
119174,277
119174,277
119227,278
119273,278
119327,279
119373,280
119373,279
119427,281
119474,278
119527,278
119573,278
119627,278
119673,279
119673,277
119727,277
119774,279
119827,280
119873,278
119927,277
119973,279
119973,280
119973,280
120027,279
120074,278
120127,277
120173,279
120227,279
120273,278
120273,278
120327,278
120374,278
120427,279
120427,279
120473,279
120527,276
120573,278
120573,279
120627,277
120674,277
120727,280
120773,279
120827,278
120873,277
120873,280
120927,279
120974,278
121027,279
121073,279
121127,281
121173,280
121173,278
121227,278
121274,278
121327,278
121373,280
121427,278
121473,278
121527,279
121574,278
121627,279
121673,278
121727,279
121773,280
121827,277
121874,278
121927,279
121973,279
122027,277
122073,278
122127,278
122174,279
122227,278
122273,278
122327,279
122373,278
122427,279
122474,277
122527,279
122573,278
122627,278
122673,279
122727,278
122774,279
122827,279
122873,278
122927,277
122973,279
122973,279
123045,279
123074,278
123127,278
123173,279
123226,279
123273,279
123273,280
123326,280
123373,280
123427,278
123473,278
123527,277
123573,280
123627,277
123674,278
123727,278
123773,279
123827,278
123873,280
123927,278
123974,279
124036,278
124073,279
124126,277
124126,278
124173,277
124173,279
124226,278
124226,279
124273,279
124327,278
124373,277
124426,279
124473,278
124473,279
124526,278
124573,280
124627,279
124673,279
124726,280
124773,279
124773,278
124827,277
124874,279
124927,279
124973,277
125026,278
125073,279
125073,278
125126,279
125174,278
125227,277
125273,280
125326,277
125373,279
125373,278
125426,278
125474,279
125527,278
125573,278
125626,279
125673,278
125726,279
125774,278
125827,279
125827,279
125873,277
125926,279
125973,277
125973,278
126026,278
126074,278
126127,277
126173,278
126226,277
126273,280
126273,279
126326,278
126374,277
126427,279
126473,279
126526,279
126573,277
126573,278
126626,277
126674,277
126727,279
126773,278
126826,278
126873,278
126873,278
126926,278
126974,279
127027,278
127073,280
127126,279
127173,278
127173,279
127226,279
127274,279
127327,278
127373,277
127426,278
127473,278
127473,278
127526,278
127574,278
127627,278
127673,280
127726,279
127773,278
127773,278
127826,279
127874,279
127927,279
127973,278
128026,277
128073,279
128073,279
128126,279
128174,278
128227,279
128273,278
128327,279
128373,278
128373,277
128426,280
128474,278
128527,279
128573,278
128627,278
128673,279
128673,277
128726,278
128774,278
128827,278
128873,279
128927,278
128973,278
128973,279
129026,278
129074,278
129127,278
129173,279
129227,278
129273,279
129273,279
129326,278
129374,279
129427,278
129473,278
129527,278
129573,278
129573,279
129626,279
129674,278
129727,278
129773,279
129827,279
129873,279
129926,278
129974,278
130027,278
130073,279
130127,279
130173,279
130173,279
130226,279
130274,279
130327,279
130373,278
130427,278
130473,277
130473,279
130527,280
130574,279
130627,277
130673,279
130727,278
130773,278
130773,278
130836,279
130873,277
130927,280
130973,277
131033,280
131073,277
131073,278
131128,279
131128,277
131173,278
131226,277
131273,279
131327,280
131373,278
131426,279
131474,277
131527,279
131573,279
131627,279
131673,279
131673,278
131726,278
131774,279
131827,279
131873,279
131927,279
131973,278
132026,279
132074,280
132127,279
132173,278
132227,278
132273,279
132273,278
132326,279
132374,279
132427,278
132473,277
132527,279
132573,280
132573,278
132573,278
132626,278
132674,280
132727,278
132773,277
132827,278
132873,278
132926,277
132974,279
133027,280
133073,279
133127,278
133127,278
133173,279
133173,279
133173,279
133226,278
133274,278
133327,278
133373,277
133427,281
133473,278
133473,279
133527,278
133574,280
133627,278
133673,278
133727,279
133773,278
133773,279
133827,279
133874,279
133927,280
133973,278
134027,278
134073,278
134127,278
134174,280
134227,279
134273,279
134327,279
134373,277
134427,278
134474,279
134527,280
134573,279
134627,279
134673,278
134673,278
134727,277
134774,278
134827,277
134873,278
134873,278
134927,278
134973,280
135027,279
135074,278
135127,277
135173,280
135227,279
135273,278
135273,280
135327,278
135374,279
135427,278
135473,280
135527,278
135573,279
135573,279
135627,278
135674,278
135727,279
135773,277
135827,279
135873,279
135873,279
135927,278
135974,280
136027,278
136073,278
136073,278
136127,278
136173,279
136173,280
136227,280
136274,279
136327,277
136373,279
136427,280
136473,279
136527,278
136574,278
136627,279
136673,278
136727,278
136773,280
136827,279
136874,279
136927,278
136973,278
137027,278
137073,278
137127,278
137174,278
137227,279
137273,279
137327,278
137373,278
137427,278
137474,279
137537,279
137573,280
137626,277
137673,278
137673,279
137726,278
137774,279
137827,278
137873,277
137927,278
137973,279
138027,278
138074,278
138127,279
138173,280
138227,278
138273,278
138273,278
138273,278
138327,280
138327,280
138374,277
138427,278
138473,278
138527,279
138573,279
138573,277
138627,278
138674,279
138727,278
138773,279
138827,280
138873,280
138873,279
138927,277
138974,279
139027,279
139073,279
139127,280
139173,277
139173,278
139227,281
139274,280
139327,278
139373,278
139427,277
139473,278
139473,279
139527,278
139574,278
139627,279
139673,278
139727,278
139773,278
139773,278
139827,278
139874,279
139927,279
139973,278
140027,279
140073,278
140073,278
140127,279
140174,278
140227,277
140273,278
140327,278
140373,278
140373,280
140427,279
140474,278
140527,278
140573,277
140627,278
140673,278
140673,277
140727,278
140774,280
140827,279
140873,279
140927,279
140973,279
140973,279
141027,278
141074,278
141127,278
141173,278
141227,279
141273,279
141273,277
141327,279
141374,278
141374,278
141427,279
141473,277
141527,279
141573,280
141573,279
141627,280
141674,279
141727,278
141773,279
141827,281
141873,278
141873,279
141927,278
141974,278
142027,278
142073,279
142127,279
142173,277
142173,278
142227,279
142274,279
142327,278
142373,278
142427,279
142473,277
142473,279
142527,278
142574,279
142627,279
142673,278
142727,278
142773,279
142773,278
142827,278
142874,278
142927,278
142973,279
143027,279
143073,278
143073,279
143127,278
143174,278
143227,279
143273,278
143327,280
143373,279
143373,279
143427,278
143474,278
143527,278
143573,278
143627,277
143673,278
143673,278
143727,278
143774,279
143832,279
143832,277
143873,279
143929,278
143973,278
144027,279
144073,278
144127,277
144174,278
144227,279
144283,280
144327,278
144373,277
144427,278
144474,279
144527,279
144573,279
144627,279
144673,279
144727,278
144774,278
144827,280
144873,279
144927,279
144973,279
145027,278
145074,279
145074,279
145127,279
145173,279
145227,278
145273,278
145327,279
145374,279
145427,279
145473,277
145527,279
145573,279
145627,278
145674,279
145727,278
145773,278
145827,279
145873,278
145873,279
145927,278
146000,280
146027,277
146073,278
146126,279
146173,278
146173,278
146226,278
146273,280
146327,279
146373,279
146426,279
146473,279
146473,278
146526,278
146573,278
146627,277
146673,278
146726,278
146773,278
146773,279
146826,279
146873,279
146927,278
146973,279
147026,278
147073,279
147073,278
147126,279
147174,278
147227,278
147273,278
147326,279
147373,278
147426,279
147474,279
147527,279
147573,278
147626,278
147673,279
147673,277
147726,279
147774,278
147827,280
147873,279
147926,278
147973,279
147973,277
148026,279
148074,279
148127,278
148173,279
148226,278
148273,278
148326,278
148374,278
148427,278
148473,279
148526,279
148573,278
148573,280
148626,279
148674,280
148727,279
148773,278
148826,278
148873,278
148873,279
148926,278
148974,278
149027,279
149073,279
149126,279
149173,278
149173,278
149226,278
149274,278
149327,277
149373,278
149426,279
149473,278
149473,278
149526,278
149574,279
149627,278
149673,277
149726,279
149773,277
149773,278
149826,278
149874,278
149927,278
149973,278
150026,279
150073,278
150073,280
150126,280
150174,279
150227,278
150273,278
150327,277
150373,279
150373,279
150427,278
150474,279
150527,280
150573,278
150627,278
150673,279
150673,279
150727,279
150774,278
150827,279
150873,278
150927,278
150973,279
150973,279
151036,277
151036,279
151073,278
151127,279
151173,277
151226,278
151273,279
151326,280
151326,280
151374,279
151427,277
151473,278
151526,278
151573,279
151573,278
151626,278
151674,277
151727,278
151773,277
151826,279
151873,277
151873,278
151926,278
151974,279
152027,279
152073,279
152073,279
152126,279
152173,279
152173,279
152226,279
152274,279
152327,278
152373,279
152426,278
152473,280
152473,279
152526,278
152574,279
152627,279
152673,278
152726,278
152773,278
152773,279
152826,278
152874,277
152927,278
152973,279
153027,279
153073,278
153073,278
153126,280
153174,278
153227,278
153273,278
153327,279
153373,279
153373,279
153426,279
153474,276
153527,279
153527,279
153573,278
153627,278
153673,278
153673,278
153726,279
153774,278
153827,278
153873,278
153927,277
153973,279
153973,279
154026,278
154074,278
154127,278
154173,279
154227,278
154273,278
154273,277
154326,278
154374,278
154427,280
154473,279
154527,280
154573,277
154626,278
154674,278
154727,279
154773,279
154827,278
154873,278
154873,279
154926,279
154974,279
155027,278
155073,279
155127,279
155173,278
155173,277
155227,278
155274,279
155327,279
155373,278
155427,278
155473,278
155473,279
155527,278
155574,278
155627,278
155673,279
155727,279
155773,279
155773,279
155827,279
155874,278
155927,279
155973,279
156027,279
156073,278
156073,280
156127,278
156174,278
156227,278
156273,278
156327,279
156373,279
156427,278
156474,279
156527,278
156573,279
156633,279
156633,279
156673,278
156673,279
156728,278
156773,279
156826,278
156827,279
156873,279
156926,279
156926,278
156973,277
156973,280
156973,280
156973,277
157026,278
157026,279
157074,279
157126,280
157173,279
157226,279
157226,278
157273,279
157273,279
157326,279
157374,277
157426,278
157473,278
157526,278
157573,279
157626,280
157674,278
157726,278
157773,278
157836,279
157837,280
157873,279
157873,278
157873,279
157926,277
157973,278
158026,279
158026,279
158073,280
158126,277
158126,278
158173,280
158226,280
158226,278
158274,279
158326,278
158373,279
158426,279
158426,279
158473,279
158473,278
158526,278
158574,278
158626,278
158673,279
158673,279
158726,279
158726,278
158773,278
158773,278
158826,279
158826,279
158874,278
158926,278
158973,278
159026,277
159026,278
159073,278
159073,277
159073,277
159126,278
159174,278
159226,278
159273,279
159326,278
159326,279
159373,279
159426,279
159426,278
159474,278
159526,278
159573,278
159626,279
159626,278
159673,277
159673,279
159726,279
159726,279
159774,278
159826,280
159873,279
159926,278
159926,280
159973,278
160026,278
160074,278
160126,279
160173,279
160226,277
160226,277
160226,277
160273,278
160326,278
160326,278
160374,278
160426,278
160473,279
160526,278
160526,277
160573,279
160626,280
160626,279
160674,278
160726,277
160773,278
160826,277
160873,278
160926,279
160926,279
160974,279
161026,278
161073,278
161126,278
161126,278
161173,278
161174,277
161226,279
161274,279
161326,278
161373,278
161373,278
161426,278
161426,279
161473,278
161526,278
161526,278
161574,280
161626,279
161673,277
161726,278
161773,279
161773,278
161826,279
161826,278
161874,278
161926,279
161973,278
162026,278
162026,278
162073,278
162073,278
162126,279
162174,277
162226,278
162273,277
162273,277
162326,278
162326,279
162373,278
162373,277
162426,277
162426,279
162474,278
162526,278
162573,278
162626,278
162673,278
162673,277
162726,279
162726,278
162774,279
162826,279
162873,278
162926,277
162926,278
162973,279
162973,278
163026,279
163026,279
163074,279
163126,278
163173,279
163226,278
163273,278
163273,278
163326,279
163326,279
163374,280
163426,278
163473,278
163526,278
163526,277
163573,279
163573,277
163626,278
163626,278
163674,279
163726,277
163773,279
163826,278
163826,278
163826,278
163873,278
163873,279
163926,279
163974,279
164026,278
164073,279
164126,278
164173,279
164226,279
164274,278
164326,278
164373,279
164426,278
164473,278
164526,280
164583,277
164626,278
164626,279
164626,279
164673,277
164726,280
164726,278
164773,279
164773,279
164826,279
164826,278
164826,278
164874,278
164926,279
164973,279
165026,278
165026,279
165073,278
165126,278
165126,278
165174,279
165226,279
165273,279
165326,279
165326,278
165373,277
165373,279
165426,279
165426,279
165474,279
165526,280
165573,279
165626,278
165626,279
165626,279
165673,279
165673,278
165726,278
165726,278
165774,278
165826,279
165873,279
165926,278
165926,278
165973,277
165973,279
166026,279
166026,279
166074,278
166126,279
166173,279
166226,279
166226,279
166273,279
166273,280
166326,278
166326,278
166374,278
166374,278
166426,277
166473,279
166526,278
166526,278
166526,278
166573,278
166573,279
166626,278
166626,279
166674,278
166726,278
166773,279
166826,280
166826,279
166826,279
166873,281
166873,278
166926,279
166926,278
166974,278
167026,278
167073,279
167126,279
167126,278
167173,279
167173,278
167226,278
167226,278
167274,278
167326,277
167373,278
167426,278
167473,278
167526,278
167526,279
167574,278
167626,278
167673,279
167726,278
167773,278
167826,279
167826,279
167874,278
167926,279
167973,278
168026,280
168073,279
168126,279
168174,278
168226,280
168273,279
168326,280
168373,278
168426,278
168426,278
168474,277
168526,279
168573,277
168626,279
168673,278
168726,278
168726,278
168774,278
168826,278
168873,279
168926,277
169021,280
169021,280
169021,1
169025,279
169077,277
169124,278
169177,279
169177,279
169224,279
169277,279
169277,279
169324,277
169377,280
169424,279
169482,278
169524,279
169579,277
169579,278
169624,278
169677,277
169677,279
169724,277
169724,278
169777,279
169777,279
169824,278
169824,278
169877,279
169877,278
169924,277
169977,279
169977,277
170024,279
170077,278
170077,277
170124,278
170177,279
170177,278
170294,279
170294,279
170294,1
170300,279
170300,279
170327,278
170327,277
170374,279
170374,278
170427,278
170427,278
170474,278
170527,278
170527,279
170574,279
170627,279
170627,277
170674,277
170674,278
170727,277
170727,279
170727,279
170774,278
170827,278
170874,278
170927,278
170927,278
170974,279
170974,278
171027,278
171074,279
171127,278
171174,278
171227,279
171274,279
171274,277
171337,278
171337,278
171374,278
171427,279
171427,278
171544,278
171544,278
171544,1
171549,278
171550,278
171550,278
171577,279
171624,278
171624,277
171677,277
171677,278
171724,278
171724,281
171777,279
171777,280
171824,278
171877,280
171877,277
171924,279
171924,278
171977,278
171977,278
172024,278
172024,279
172077,278
172077,278
172124,279
172177,278
172177,278
172224,279
172224,278
172277,278
172324,279
172324,279
172377,279
172377,278
172424,279
172477,278
172477,277
172524,277
172524,280
172577,280
172577,279
172624,280
172624,278
172677,279
172677,279
172795,279
172795,279
172795,1
172800,278
172800,278
172827,279
172827,279
172874,278
172874,278
172927,279
172927,278
172974,278
172974,279
173027,279
173027,279
173074,277
173127,278
173127,277
173174,279
173174,279
173227,278
173274,279
173327,278
173327,279
173374,280
173427,278
173474,279
173474,279
173527,279
173574,278
173627,277
173627,278
173674,279
173727,278
173727,277
173774,278
173774,278
173827,278
173874,278
173927,279
173927,278
174045,278
174045,278
174045,1
174050,279
174051,278
174077,278
174124,278
174177,279
174177,278
174224,278
174277,278
174277,280
174324,278
174377,279
174377,278
174424,279
174424,279
174477,278
174477,277
174524,278
174577,279
174577,278
174624,279
174677,278
174677,280
174724,279
174724,277
174777,277
174824,278
174877,279
174877,279
174924,277
174977,279
174977,280
175024,279
175077,279
175124,277
175177,279
175294,279
175294,279
175294,1
175299,279
175300,279
175327,278
175327,278
175374,278
175427,278
175474,278
175527,280
175527,279
175574,279
175627,278
175627,279
175627,278
175674,280
175674,279
175727,278
175727,278
175774,279
175827,278
175874,277
175927,278
175927,279
175974,278
175974,279
175974,279
176027,278
176074,278
176127,277
176174,279
176227,279
176227,278
176274,277
176274,280
176274,280
176327,278
176327,278
176374,278
176427,279
176545,280
176545,280
176545,1
176550,279
176551,280
176551,280
176577,278
176577,278
176624,278
176677,279
176677,277
176724,278
176777,278
176824,278
176877,278
176877,278
176924,279
176924,278
176977,278
177024,278
177077,278
177124,278
177177,278
177224,278
177224,277
177277,279
177277,278
177324,277
177377,278
177424,279
177477,279
177477,279
177524,277
177524,278
177577,279
177577,278
177624,278
177677,278
177795,279
177795,279
177795,1
177800,280
177800,278
177826,279
177873,278
177873,279
177926,277
177926,278
177974,277
178027,278
178073,278
178126,278
178173,279
178173,280
178236,279
178236,278
178273,280
178326,278
178373,279
178426,277
178426,278
178473,277
178473,279
178526,280
178526,277
178574,277
178627,278
178673,278
178726,278
178726,279
178773,279
178773,278
178826,277
178826,278
178874,278
178927,279
179044,280
179044,280
179044,1
179048,278
179048,278
179049,279
179077,279
179077,277
179124,278
179124,280
179124,278
179177,278
179177,279
179224,278
179277,278
179324,277
179377,279
179377,278
179424,278
179477,278
179477,279
179524,278
179577,279
179577,279
179624,278
179677,278
179677,279
179724,278
179724,278
179777,278
179777,278
179824,279
179877,277
179924,279
179977,279
179977,277
180024,278
180024,278
180077,277
180077,277
180124,279
180177,278
180279,278
180279,278
180279,1
180284,278
180285,277
180327,278
180327,278
180374,278
180374,277
180427,279
180427,279
180474,278
180527,279
180574,278
180627,279
180627,278
180674,278
180674,278
180727,279
180727,277
180774,278
180827,279
180874,280
180927,277
180927,279
180974,279
180974,279
181027,278
181027,278
181074,279
181127,278
181174,278
181227,277
181227,277
181227,277
181274,279
181274,278
181274,279
181327,278
181327,278
181374,278
181427,279
181474,278
181527,278
181527,277
181574,279
181574,276
181627,278
181627,278
181674,278
181727,279
181774,278
181827,279
181827,278
181874,278
181874,280
181927,278
181927,279
181974,279
182027,279
182074,277
182127,279
182127,277
182174,278
182174,279
182227,278
182227,278
182274,279
182327,279
182374,279
182427,279
182427,277
182427,277
182474,279
182474,278
182527,279
182527,278
182574,278
182627,278
182674,279
182734,277
182774,278
182829,278
182874,279
182928,278
182928,278
182974,279
183027,280
183074,278
183074,279
183127,279
183174,278
183228,277
183274,278
183327,280
183374,278
183374,278
183427,279
183474,278
183528,278
183574,278
183627,279
183674,279
183674,279
183727,278
183774,278
183828,279
183874,278
183927,278
183974,280
183974,278
184027,277
184074,279
184128,279
184174,279
184227,278
184274,279
184327,279
184374,279
184428,278
184474,278
184528,279
184528,279
184574,279
184628,279
184674,279
184728,278
184774,279
184828,278
184874,278
184874,278
184927,277
184984,279
184984,278
185028,278
185074,278
185127,278
185127,279
185127,278
185174,278
185227,277
185227,279
185274,278
185328,278
185374,278
185427,280
185474,279
185474,278
185527,279
185574,278
185628,278
185674,279
185727,278
185727,278
185774,279
185774,278
185827,279
185874,278
185928,279
185974,278
186027,280
186074,277
186074,277
186127,278
186174,277
186228,278
186274,279
186327,279
186374,278
186374,277
186427,280
186474,278
186528,277
186574,279
186627,278
186674,279
186674,278
186727,278
186774,278
186828,278
186874,279
186927,278
186974,278
186974,279
187027,278
187074,278
187074,278
187128,278
187174,278
187227,278
187274,279
187327,278
187374,279
187428,279
187474,278
187527,278
187574,279
187627,279
187674,278
187728,277
187774,278
187827,279
187827,279
187874,279
187874,278
187927,279
187974,279
188028,279
188074,277
188127,279
188174,279
188174,278
188227,279
188274,278
188328,279
188374,279
188427,279
188474,276
188527,278
188574,279
188628,278
188674,278
188727,279
188774,280
188774,278
188827,279
188874,279
188928,278
188974,278
189027,278
189074,279
189074,278
189127,279
189174,278
189228,277
189274,278
189328,277
189374,279
189374,278
189374,278
189427,278
189474,278
189528,278
189574,278
189627,279
189674,278
189674,277
189727,279
189774,279
189828,279
189874,278
189927,279
189974,277
189974,278
190027,277
190074,278
190128,278
190174,279
190227,280
190274,278
190274,277
190327,278
190374,279
190428,278
190474,279
190527,277
190574,279
190627,280
190674,279
190728,278
190774,277
190827,278
190874,279
190874,277
190927,278
190974,279
191028,279
191074,278
191074,278
191128,279
191174,278
191174,278
191228,279
191275,277
191328,279
191374,278
191428,279
191474,278
191474,278
191474,278
191528,279
191575,278
191628,279
191674,278
191737,278
191774,278
191774,277
191827,278
191874,278
191928,278
191974,278
192027,279
192074,277
192074,280
192127,277
192174,277
192228,278
192274,278
192327,278
192374,278
192374,278
192446,278
192474,277
192528,278
192574,279
192627,278
192627,279
192674,279
192727,279
192774,275
192774,278
192774,278
192828,279
192874,278
192927,279
192927,279
192974,278
192974,278
193027,278
193027,279
193074,278
193074,279
193128,278
193174,278
193227,278
193274,278
193274,278
193327,278
193374,277
193374,279
193428,278
193474,279
193527,279
193527,277
193574,278
193627,279
193674,277
193674,278
193728,278
193774,279
193827,277
193827,279
193874,279
193874,279
193927,278
193927,278
193974,279
193974,278
194028,279
194074,278
194127,278
194174,278
194174,276
194227,280
194227,278
194274,279
194274,279
194328,277
194374,277
194427,278
194427,278
194474,278
194474,278
194527,279
194527,279
194574,276
194574,278
194628,278
194674,277
194727,279
194727,279
194774,278
194827,278
194827,279
194874,279
194874,280
194928,280
194974,278
195027,279
195027,278
195027,278
195074,280
195127,280
195127,278
195127,280
195174,279
195174,279
195228,279
195274,277
195327,280
195327,279
195374,279
195374,278
195427,278
195427,278
195474,277
195474,280
195533,280
195574,280
195629,278
195674,278
195727,279
195774,278
195774,278
195827,278
195827,277
195874,279
195874,278
195928,279
195974,279
196027,278
196027,278
196074,277
196127,278
196127,276
196174,278
196174,278
196228,278
196274,279
196327,279
196327,279
196374,278
196374,279
196427,279
196427,278
196474,279
196474,277
196528,277
196574,278
196627,279
196627,278
196674,277
196675,278
196727,278
196727,278
196774,278
196774,278
196828,278
196874,279
196927,278
196927,277
196974,278
196974,279
197027,279
197074,278
197074,279
197128,278
197174,278
197227,278
197227,279
197274,279
197274,278
197327,278
197327,279
197374,277
197374,277
197428,279
197474,279
197527,278
197527,279
197574,278
197574,279
197574,279
197627,278
197627,279
197674,279
197728,280
197774,278
197827,279
197827,277
197874,279
197927,279
197974,279
198028,278
198074,278
198127,278
198174,279
198174,278
198227,277
198274,279
198328,279
198374,279
198427,279
198484,278
198484,278
198527,278
198574,280
198574,279
198628,278
198674,278
198727,279
198727,279
198774,277
198774,279
198827,278
198827,280
198874,279
198874,279
198928,279
198974,278
199027,278
199027,279
199074,278
199127,278
199127,278
199174,278
199174,280
199228,279
199274,278
199327,278
199327,277
199374,280
199374,278
199427,279
199427,278
199474,279
199474,279
199528,277
199574,279
199627,277
199627,278
199674,278
199674,279
199727,278
199727,279
199774,278
199774,278
199828,279
199874,279
199927,278
199927,279
199974,278
199974,277
200027,280
200027,278
200074,278
200074,279
200128,279
200174,278
200227,278
200227,279
200274,278
200274,278
200327,278
200327,279
200374,279
200374,279
200428,278
200474,278
200527,279
200527,278
200574,278
200574,279
200574,278
200627,278
200627,278
200674,279
200674,280
200728,279
200774,279
200827,279
200827,279
200874,279
200874,279
200927,278
200927,277
200974,278
200974,278
201028,279
201074,278
201127,278
201174,278
201174,278
201174,278
201227,277
201228,279
201274,280
201328,279
201374,278
201427,277
201474,277
201527,278
201527,279
201574,278
201628,278
201674,278
201727,279
201774,277
201774,279
201827,279
201827,279
201874,277
201928,277
201974,277
202027,278
202074,278
202074,278
202128,278
202174,279
202228,279
202274,279
202327,280
202374,279
202374,279
202427,278
202427,278
202474,279
202528,278
202574,278
202627,279
202674,278
202674,278
202727,279
202727,279
202774,279
202828,280
202874,278
202927,277
202927,277
202974,278
202974,278
203027,279
203027,279
203074,280
203128,279
203174,278
203227,278
203274,278
203327,278
203327,279
203374,279
203428,279
203474,279
203527,279
203574,279
203574,279
203627,279
203674,279
203728,279
203774,278
203827,277
203874,278
203874,278
203927,280
203974,279
204028,279
204074,277
204127,278
204174,279
204227,278
204274,278
204328,279
204374,279
204427,279
204474,278
204474,280
204527,277
204574,278
204628,277
204674,279
204727,278
204774,278
204828,278
204874,278
204928,277
204974,279
205028,279
205074,279
205074,278
205128,278
205174,279
205228,279
205284,279
205327,278
205327,279
205374,277
205427,278
205427,278
205474,279
205475,277
205474,279
205528,278
205574,277
205627,278
205674,278
205674,279
205727,279
205727,279
205774,279
205828,277
205874,278
205927,278
205974,277
205974,278
206027,280
206027,278
206074,279
206128,278
206174,279
206227,279
206274,279
206274,278
206327,277
206327,278
206374,277
206428,279
206474,280
206527,279
206574,279
206627,279
206674,280
206728,278
206774,280
206827,279
206874,278
206927,278
206974,279
207028,278
207074,277
207127,278
207174,278
207227,278
207274,279
207328,278
207374,278
207427,278
207474,278
207474,278
207527,278
207574,277
207628,278
207674,277
207727,278
207774,279
207827,277
207874,279
207928,278
207974,279
208027,278
208074,279
208074,277
208127,279
208174,278
208228,277
208274,278
208334,279
208334,279
208374,279
208374,278
208374,278
208429,281
208474,279
208528,278
208574,279
208627,278
208674,279
208727,278
208774,279
208828,279
208874,278
208927,280
208974,278
208974,278
209027,279
209074,277
209128,278
209174,277
209227,279
209274,279
209327,279
209374,279
209428,278
209474,278
209527,279
209574,278
209574,279
209627,278
209674,278
209728,279
209774,278
209827,278
209874,278
209874,278
209874,278
209927,279
209974,277
209974,277
210028,278
210074,278
210127,277
210174,278
210174,278
210227,278
210274,279
210328,278
210374,279
210427,280
210474,278
210474,279
210527,278
210574,278
210628,278
210674,278
210727,279
210774,279
210774,279
210827,280
210874,277
210928,279
210974,278
211027,277
211074,278
211127,278
211174,279
211228,278
211274,279
211327,279
211374,279
211427,279
211474,278
211528,277
211574,278
211628,279
211674,279
211674,278
211728,278
211774,278
211828,277
211874,278
211928,277
211974,277
211974,278
212037,278
212037,279
212074,278
212074,279
212128,280
212174,278
212227,278
212274,278
212327,278
212374,278
212428,279
212474,279
212527,279
212574,279
212574,278
212627,279
212674,278
212728,278
212774,278
212827,279
212874,279
212874,279
212927,279
212974,278
213028,280
213074,278
213127,279
213174,278
213174,278
213227,279
213274,278
213328,278
213374,279
213427,279
213474,279
213474,278
213527,279
213574,278
213628,279
213674,279
213727,278
213774,279
213827,278
213874,277
213928,280
213974,278
214028,279
214074,279
214074,278
214127,278
214174,277
214228,278
214274,279
214328,279
214374,278
214427,278
214474,279
214528,279
214574,279
214628,280
214674,279
214674,278
214727,278
214774,279
214828,278
214874,277
214928,278
214974,278
214974,278
215027,278
215074,279
215128,278
215174,280
215228,277
215274,279
215327,279
215393,279
215394,279
215428,280
215474,278
215527,278
215527,278
215574,277
215574,277
215574,277
215627,278
215627,280
215674,279
215728,278
215774,278
215827,279
215827,279
215874,279
215874,279
215927,280
215927,280
215974,278
215974,278
216028,277
216074,279
216127,278
216127,278
216174,278
216227,279
216227,279
216274,278
216274,277
216328,279
216374,278
216427,280
216427,278
216474,279
216474,278
216527,279
216574,278
216574,278
216574,278
216628,279
216674,279
216727,279
216727,278
216774,279
216774,277
216827,278
216827,278
216874,278
216874,278
216928,278
216974,278
217027,278
217074,278
217074,277
217127,278
217127,278
217174,279
217174,278
217228,279
217274,279
217327,278
217327,278
217374,279
217427,278
217427,280
217474,278
217474,278
217528,279
217574,277
217627,278
217627,280
217627,278
217674,277
217674,277
217727,279
217774,278
217774,279
217828,277
217874,278
217927,278
217927,279
217974,278
218027,278
218028,278
218074,279
218074,278
218128,279
218174,280
218227,278
218227,279
218274,278
218274,278
218327,279
218374,278
218428,279
218474,278
218527,277
218574,278
218574,278
218627,279
218674,278
218728,278
218784,278
218827,278
218827,277
218874,279
218874,278
218927,278
218927,278
218974,278
218974,279
219028,278
219074,278
219127,278
219127,278
219127,278
219174,279
219174,278
219227,278
219227,280
219274,278
219274,279
219328,279
219374,279
219427,278
219474,280
219474,278
219527,278
219527,278
219574,279
219574,277
219628,278
219674,278
219727,279
219774,279
219774,277
219827,278
219827,278
219874,278
219874,278
219928,278
219974,279
220027,278
220074,277
220074,278
220074,277
220127,278
220127,278
220174,278
220174,279
220228,278
220274,278
220327,277
220327,278
220327,278
220374,278
220374,279
220374,278
220427,277
220427,278
220427,278
220474,279
220474,278
220528,278
220574,279
220627,278
220674,277
220727,278
220774,279
220774,278
220828,279
220874,277
220927,277
220927,277
220974,278
220974,278
221027,279
221027,280
221074,278
221074,278
221133,277
221174,277
221230,277
221274,278
221328,278
221374,279
221427,277
221427,279
221474,279
221474,279
221528,278
221574,279
221627,279
221627,279
221674,277
221674,278
221727,279
221727,279
221727,279
221774,279
221774,279
221828,280
221874,279
221927,277
221927,279
221974,277
221974,280
222027,279
222027,279
222074,277
222074,277
222128,279
222174,277
222227,278
222227,278
222274,279
222275,279
222327,279
222327,278
222374,278
222374,279
222428,278
222474,278
222527,280
222527,278
222574,279
222627,278
222627,276
222627,276
222674,277
222728,279
222774,279
222827,278
222874,279
222874,279
222927,278
222927,279
222974,279
223028,277
223074,279
223127,278
223174,279
223227,278
223227,278
223274,280
223328,279
223374,278
223427,279
223474,279
223474,278
223474,279
223527,277
223527,278
223574,279
223628,278
223674,278
223727,280
223774,277
223774,277
223774,277
223827,280
223827,278
223874,278
223928,278
223974,277
224027,278
224074,278
224074,278
224127,279
224127,278
224174,277
224228,278
224274,279
224327,278
224374,279
224374,279
224427,278
224427,279
224474,278
224528,278
224574,278
224627,279
224674,278
224674,278
224727,278
224727,277
224774,279
224828,279
224874,278
224927,278
224974,281
225027,276
225074,278
225128,279
225174,280
225228,279
225274,279
225327,279
225374,278
225428,278
225474,277
225537,278
225574,278
225574,279
225627,278
225627,279
225674,279
225728,279
225774,277
225827,279
225827,278
225874,278
225927,277
225974,278
226028,278
226074,279
226127,278
226174,277
226174,278
226227,279
226227,279
226274,279
226328,278
226374,277
226427,278
226474,278
226527,278
226527,277
226574,278
226628,278
226674,278
226727,279
226774,278
226774,278
226774,278
226827,278
226827,277
226874,278
226928,278
226974,279
227027,279
227074,280
227127,279
227127,279
227174,278
227228,279
227274,279
227327,279
227374,278
227374,279
227427,279
227427,280
227474,278
227528,279
227574,279
227627,277
227674,278
227674,277
227728,277
227774,280
227828,279
227874,280
227927,279
227974,278
227974,278
228027,279
228027,277
228074,279
228128,279
228174,276
228227,280
228274,280
228274,278
228274,278
228327,279
228374,279
228428,278
228474,279
228527,278
228574,280
228574,278
228627,278
228674,279
228728,279
228774,279
228827,279
228874,279
228874,277
228927,279
228974,279
229028,277
229074,279
229127,279
229174,279
229174,277
229227,279
229274,277
229328,278
229374,279
229427,278
229474,279
229474,278
229527,277
229574,279
229628,280
229674,278
229727,277
229774,278
229774,278
229827,279
229874,278
229928,278
229974,279
230027,279
230074,279
230074,278
230127,278
230174,277
230228,278
230274,278
230327,279
230374,280
230427,278
230474,280
230528,278
230574,278
230627,279
230674,278
230674,278
230727,279
230774,278
230828,278
230874,279
230927,279
230974,280
231027,278
231074,278
231128,278
231128,278
231174,280
231227,279
231274,278
231327,278
231374,278
231428,278
231474,278
231527,280
231574,279
231574,278
231627,277
231674,277
231728,279
231774,278
231828,278
231874,279
231874,278
231928,278
231974,278
232028,279
232074,279
232128,280
232174,278
232174,279
232228,279
232284,279
232285,279
232328,279
232374,278
232427,279
232427,280
232474,279
232474,279
232527,279
232574,279
232628,278
232674,278
232727,278
232774,279
232774,280
232827,277
232874,278
232928,278
232974,278
233027,278
233074,277
233074,279
233127,278
233174,278
233228,279
233274,280
233327,279
233374,277
233374,278
233427,278
233474,279
233528,278
233574,279
233627,277
233674,279
233674,278
233727,279
233774,279
233828,279
233874,278
233934,278
233974,280
234029,279
234029,280
234074,279
234127,278
234174,278
234227,278
234274,279
234274,280
234327,279
234374,279
234428,278
234474,279
234527,277
234574,278
234627,278
234674,278
234728,278
234774,278
234827,278
234874,279
234927,279
234974,279
235028,278
235074,277
235127,279
235174,278
235174,278
235174,278
235227,279
235274,279
235328,279
235374,279
235427,278
235474,278
235474,278
235527,279
235574,281
235628,277
235674,278
235727,278
235727,278
235774,279
235774,277
235827,280
235874,278
235928,277
235974,278
236027,278
236074,279
236074,279
236127,278
236174,277
236228,279
236274,280
236327,279
236374,278
236427,279
236474,279
236528,278
236574,278
236627,279
236674,280
236674,279
236727,279
236774,280
236828,279
236874,279
236928,278
236974,278
236974,279
236974,279
237028,278
237074,279
237128,279
237174,280
237228,280
237274,277
237274,279
237328,278
237374,278
237428,278
237474,280
237528,279
237528,279
237574,279
237574,278
237628,277
237674,278
237728,278
237774,279
237828,279
237874,279
237874,279
237928,279
237974,279
238028,277
238074,278
238128,279
238174,277
238174,279
238227,278
238274,278
238328,278
238427,279
238427,279
238427,1
238432,279
238478,278
238524,279
238524,279
238577,279
238577,280
238624,279
238678,278
238724,278
238777,280
238777,280
238824,277
238877,278
238924,278
238978,277
239024,279
239087,279
239087,278
239124,279
239124,280
239177,278
239177,279
239224,278
239224,280
239277,278
239324,279
239377,278
239377,280
239377,280
239424,278
239424,280
239477,279
239477,278
239524,280
239524,279
239578,278
239695,278
239695,278
239695,1
239700,279
239701,278
239727,278
239727,277
239727,277
239774,279
239774,278
239774,278
239827,279
239874,278
239874,280
239928,279
239974,279
240027,279
240027,278
240074,278
240074,278
240127,278
240127,277
240174,278
240174,279
240228,279
240274,278
240327,280
240327,279
240374,277
240374,278
240427,278
240474,280
240474,279
240528,278
240574,278
240627,278
240674,279
240674,280
240727,279
240727,278
240774,279
240774,278
240828,279
240945,278
240945,278
240945,1
240950,278
240950,277
240977,278
240977,278
241024,278
241077,278
241077,279
241124,279
241124,279
241178,279
241224,279
241277,279
241277,278
241324,278
241324,278
241377,279
241377,278
241424,278
241424,278
241478,278
241524,278
241577,278
241624,278
241624,277
241677,278
241724,277
241724,277
241778,278
241824,279
241877,279
241877,279
241924,278
241924,278
241977,279
241977,279
242024,279
242024,279
242078,278
242195,278
242195,278
242195,1
242200,279
242201,278
242227,278
242227,278
242274,279
242327,278
242327,278
242374,278
242374,278
242428,278
242474,278
242527,279
242527,278
242574,278
242574,278
242627,278
242674,278
242674,278
242728,280
242774,278
242827,279
242827,279
242827,279
242874,279
242874,278
242927,278
242974,279
242974,279
243028,279
243074,278
243127,277
243127,279
243174,279
243174,278
243227,278
243227,278
243274,277
243328,278
243445,278
243445,278
243445,1
243450,278
243450,277
243477,279
243477,278
243524,278
243524,278
243577,279
243577,279
243624,279
243624,279
243678,279
243724,278
243777,278
243777,279
243824,278
243824,279
243877,277
243877,279
243924,279
243978,279
244024,280
244077,278
244077,279
244124,278
244124,278
244177,277
244224,279
244278,279
244324,278
244377,278
244377,278
244424,279
244424,279
244477,279
244477,279
244524,277
244578,278
244694,279
244694,279
244694,1
244699,278
244700,278
244700,279
244726,278
244773,278
244773,278
244826,279
244873,279
244927,277
244973,279
245026,279
245073,278
245126,279
245173,278
245227,279
245273,279
245326,278
245373,278
245373,278
245427,279
245474,279
245527,278
245573,278
245627,278
245673,277
245673,279
245727,277
245774,278
245827,277
245944,278
245944,278
245944,1
245958,280
245959,279
245959,278
245977,278
245977,278
246024,278
246024,279
246077,280
246077,278
246124,278
246124,278
246178,279
246224,277
246277,277
246277,279
246324,278
246377,279
246377,278
246424,278
246424,278
246478,278
246524,278
246577,278
246624,278
246624,279
246677,279
246724,278
246778,279
246824,280
246877,279
246877,280
246924,278
246924,278
246924,278
246977,279
246977,278
247024,279
247024,279
247154,278
247154,278
247154,1
247159,278
247159,277
247174,279
247230,278
247274,277
247327,279
247374,278
247374,277
247427,278
247427,279
247474,279
247474,279
247474,279
247528,278
247574,278
247627,278
247627,279
247674,279
247674,278
247727,278
247727,279
247774,278
247774,280
247774,280
247828,279
247874,277
247927,278
247927,278
247974,280
248027,279
248027,278
248074,277
248074,278
248128,278
248174,279
248227,279
248227,279
248274,278
248274,279
248398,278
248398,278
248398,1
248403,278
248403,278
248424,277
248424,278
248478,279
248524,278
248577,279
248577,280
248624,279
248677,279
248677,278
248724,278
248724,278
248778,278
248824,278
248877,278
248877,279
248924,279
248924,277
248977,278
248977,277
249024,279
249024,278
249078,278
249124,278
249177,278
249177,278
249224,279
249224,278
249277,278
249277,278
249324,278
249324,279
249378,278
249424,278
249477,278
249477,277
249477,277
249524,279
249524,279
249634,279
249634,279
249634,1
249639,279
249639,277
249674,278
249728,279
249774,279
249827,278
249827,278
249874,279
249874,277
249927,278
249927,278
249974,279
249974,278
249974,278
250028,278
250074,280
250127,277
250127,279
250174,278
250174,277
250227,279
250227,278
250274,278
250274,278
250328,280
250374,278
250427,278
250474,278
250474,278
250527,279
250527,279
250574,278
250574,279
250628,279
250674,278
250727,279
250774,279
250827,279
250874,279
250874,279
250928,278
250974,278
251027,279
251074,279
251074,278
251127,280
251127,279
251174,278
251174,279
251228,279
251274,278
251327,278
251374,279
251374,279
251427,277
251427,279
251474,279
251474,279
251528,277
251528,277
251574,280
251627,279
251674,279
251674,278
251727,278
251727,278
251774,278
251774,278
251828,279
251874,279
251927,279
251974,279
252027,278
252027,281
252074,278
252074,279
252128,278
252174,279
252228,276
252274,279
252274,279
252327,278
252374,278
252428,279
252474,279
252528,278
252574,278
252574,279
252627,279
252684,279
252685,278
252728,277
252774,278
252827,279
252827,279
252874,279
252874,277
252927,279
252927,278
252927,279
252974,279
252974,279
253028,280
253074,278
253127,277
253174,279
253174,278
253227,278
253227,279
253274,278
253274,279
253328,277
253374,278
253427,278
253474,278
253474,279
253527,279
253527,279
253574,279
253574,280
253628,279
253674,278
253727,279
253774,278
253774,278
253828,278
253874,278
253874,278
253928,278
253974,277
254027,279
254074,279
254074,278
254127,279
254127,278
254174,279
254174,279
254228,278
254274,279
254327,279
254374,277
254374,280
254427,278
254427,280
254474,280
254474,280
254528,279
254574,279
254627,279
254674,280
254674,279
254727,278
254727,277
254774,279
254774,281
254828,278
254874,278
254927,278
254974,279
255027,279
255027,278
255074,279
255074,279
255128,279
255174,279
255227,279
255274,278
255327,277
255374,278
255374,278
255428,278
255474,278
255527,279
255574,279
255574,279
255627,278
255674,278
255674,278
255728,279
255774,277
255827,279
255874,278
255874,279
255927,278
255974,279
255974,279
256028,277
256074,278
256127,278
256174,277
256174,278
256174,278
256227,279
256274,279
256274,279
256328,279
256374,279
256427,280
256474,278
256474,278
256527,278
256574,278
256574,277
256628,277
256674,279
256727,279
256774,278
256774,279
256827,277
256874,279
256928,278
256974,278
257027,280
257074,279
257074,279
257127,279
257174,278
257228,278
257274,279
257327,279
257374,277
257374,277
257427,278
257474,279
257528,278
257574,280
257627,278
257674,279
257674,279
257727,278
257774,279
257828,278
257874,280
257927,279
257974,277
257974,279
258027,277
258074,279
258128,278
258174,279
258174,279
258227,279
258274,278
258274,278
258327,278
258374,279
258428,278
258474,277
258527,279
258574,278
258627,278
258674,278
258728,279
258774,278
258827,278
258874,278
258874,279
258927,277
258974,279
259028,278
259074,278
259128,279
259174,277
259174,279
259228,279
259274,279
259328,278
259374,279
259437,278
259437,280
259437,280
259474,278
259474,277
259474,277
259527,278
259527,278
259574,279
259574,277
259628,278
259674,279
259727,279
259774,280
259774,278
259827,279
259874,278
259928,278
259974,279
260034,279
260074,278
260129,277
260174,279
260227,278
260227,278
260274,279
260327,278
260374,278
260374,278
260427,279
260474,279
260527,279
260574,279
260627,279
260674,279
260727,279
260727,277
260774,280
260774,280
260827,278
260874,280
260874,280
260927,278
260974,278
260974,278
261027,278
261027,278
261074,277
261127,278
261174,278
261227,278
261227,280
261227,280
261274,279
261274,277
261327,280
261327,278
261374,278
261427,278
261474,279
261527,278
261527,279
261574,279
261574,278
261627,279
261627,278
261674,277
261727,279
261774,280
261774,280
261847,278
261874,278
261874,277
261927,279
261927,278
261974,278
261974,278
262027,278
262074,279
262127,279
262127,279
262174,278
262174,278
262227,279
262227,278
262274,279
262274,278
262327,277
262327,278
262374,280
262427,278
262427,278
262474,278
262474,278
262527,278
262527,279
262574,279
262574,279
262627,278
262627,279
262674,279
262727,276
262727,279
262774,277
262774,277
262827,278
262874,280
262927,278
262974,277
263027,278
263027,278
263074,279
263074,278
263127,277
263174,278
263174,277
263174,277
263227,278
263274,279
263327,278
263327,278
263374,279
263374,278
263427,278
263427,278
263474,279
263474,278
263527,278
263527,278
263574,278
263627,279
263627,278
263674,278
263674,278
263727,279
263727,278
263727,278
263774,279
263774,278
263774,278
263827,279
263827,278
263827,278
263874,278
263927,278
263927,277
263974,277
263974,278
264027,276
264027,278
264074,277
264074,278
264127,277
264127,279
264174,280
264227,277
264227,278
264274,279
264274,278
264327,279
264374,278
264374,279
264427,278
264427,278
264474,279
264527,279
264527,278
264527,278
264574,278
264627,277
264627,278
264674,278
264727,278
264774,278
264827,277
264827,277
264874,279
264874,278
264927,278
264927,279
264974,278
264974,278
265027,279
265028,279
265074,279
265127,277
265127,279
265174,278
265174,280
265174,280
265227,279
265227,278
265274,279
265274,279
265327,277
265327,278
265374,279
265427,279
265427,279
265474,278
265474,278
265474,278
265527,279
265527,278
265574,277
265574,278
265627,279
265627,278
265674,278
265727,277
265727,277
265727,277
265774,278
265827,279
265874,280
265927,279
265927,278
265974,278
266027,280
266027,277
266074,278
266074,279
266127,276
266127,279
266127,279
266184,277
266184,278
266227,279
266227,278
266274,277
266274,277
266327,278
266374,278
266374,279
266427,278
266427,278
266474,279
266527,280
266574,280
266627,278
266674,278
266727,278
266727,277
266774,278
266774,278
266827,278
266827,278
266874,278
266927,279
266974,278
266974,279
267027,279
267027,278
267074,279
267074,277
267127,278
267127,278
267174,280
267227,279
267227,278
267274,278
267274,277
267327,278
267327,279
267374,278
267374,278
267427,279
267427,278
267427,278
267474,278
267527,278
267527,279
267574,278
267574,278
267574,278
267627,278
267627,278
267674,278
267674,278
267727,278
267727,278
267774,279
267827,278
267827,278
267874,279
267874,279
267927,278
267927,279
267974,279
267974,279
268027,278
268027,279
268074,279
268127,278
268127,278
268174,279
268174,279
268227,279
268274,280
268274,277
268274,277
268327,279
268327,280
268374,279
268427,278
268427,279
268474,278
268474,278
268474,278
268527,278
268527,277
268574,278
268627,279
268627,280
268674,278
268727,280
268727,278
268774,277
268774,278
268827,278
268827,277
268874,277
268874,279
268927,280
268974,277
269027,278
269027,278
269074,278
269074,279
269127,278
269174,277
269174,279
269227,278
269274,278
269327,279
269327,278
269374,278
269374,278
269427,278
269427,277
269474,278
269474,278
269527,278
269527,277
269574,279
269627,278
269627,278
269674,279
269674,277
269727,278
269727,278
269774,278
269774,279
269827,278
269827,278
269874,277
269927,278
269927,279
269974,278
270027,279
270027,278
270074,278
270074,278
270127,278
270174,279
270227,279
270227,278
270274,278
270274,278
270327,277
270327,278
270374,278
270374,278
270427,278
270427,279
270474,278
270527,278
270527,278
270574,278
270574,279
270627,278
270627,278
270674,280
270674,279
270727,279
270727,277
270774,279
270827,278
270827,278
270874,279
270874,278
270927,278
270974,279
270974,278
271027,277
271027,278
271074,278
271127,277
271174,278
271174,278
271227,279
271227,278
271274,279
271274,278
271327,277
271374,278
271427,278
271427,278
271474,278
271474,279
271527,278
271527,279
271574,278
271574,279
271627,278
271627,278
271674,279
271727,278
271727,278
271774,277
271774,277
271827,279
271827,277
271874,277
271874,278
271927,279
271927,278
271974,278
272027,277
272027,277
272074,278
272074,278
272127,278
272174,278
272174,279
272227,279
272274,278
272327,279
272327,278
272374,279
272427,278
272427,278
272427,278
272474,280
272527,278
272527,278
272574,278
272627,279
272627,279
272674,279
272674,279
272727,278
272727,279
272774,279
272833,279
272874,279
272939,277
272939,277
272974,278
273027,278
273027,279
273074,279
273074,278
273127,278
273174,279
273174,278
273227,277
273227,278
273274,278
273327,278
273327,279
273374,279
273374,278
273427,278
273427,278
273474,279
273474,278
273527,279
273574,278
273627,278
273627,277
273674,278
273674,278
273727,278
273727,279
273727,279
273774,278
273774,278
273774,278
273774,278
273827,279
273874,278
273927,278
273927,278
273974,278
273974,278
274027,278
274074,277
274127,279
274174,279
274227,278
274227,278
274274,279
274274,280
274327,278
274327,278
274374,278
274374,279
274427,279
274474,278
274527,278
274527,278
274574,279
274574,278
274627,277
274627,278
274627,278
274674,277
274674,278
274674,278
274727,279
274774,279
274827,278
274874,278
274874,280
274927,278
