Timestamp (ms),F_IMU_ABS_Z
5185,-13.5625
5194,-13.5625
5205,-13.5625
5215,-13.5625
5225,-13.5625
5238,-13.5625
5244,-13.5625
5255,-13.5625
5265,-13.5625
5275,-13.5625
5286,-13.5625
5293,-13.5625
5305,-13.5625
5316,-13.5625
5326,-13.5625
5337,-13.5625
5345,-13.5625
5355,-13.5625
5366,-13.5625
5376,-13.5625
5386,-13.5625
5394,-13.5625
5406,-13.5625
5416,-13.5625
5426,-13.5625
5438,-13.5625
5444,-13.5625
5456,-13.5625
5466,-13.5625
5476,-13.5625
5487,-13.5625
5493,-13.5625
5506,-13.5625
5516,-13.5625
5526,-13.5625
5537,-13.5625
5544,-13.5625
5556,-13.5625
5566,-13.5625
5576,-13.5625
5587,-13.5625
5593,-13.5625
5606,-13.5625
5616,-13.5625
5626,-13.5625
5637,-13.5625
5644,-13.5625
5656,-13.5625
5666,-13.5625
5676,-13.5625
5689,-13.5625
5693,-13.5625
5706,-13.5625
5716,-13.5625
5726,-13.5625
5738,-13.5625
5744,-13.5625
5756,-13.5
5766,-13.5
5776,-13.5
5787,-13.5
5793,-13.5
5806,-13.5
5816,-13.5
5826,-13.5
5838,-13.5
5843,-13.5
5856,-13.5
5866,-13.5
5876,-13.5
5888,-13.5
5893,-13.5
5906,-13.5
5916,-13.5
5926,-13.5
5940,-13.5
5944,-13.5
5957,-13.5
5966,-13.5
5976,-13.5
5988,-13.5
5993,-13.5
6007,-13.5
6016,-13.5
6026,-13.5
6038,-13.5
6043,-13.5
6056,-13.5
6066,-13.5
6076,-13.5
6088,-13.5
6093,-13.5
6105,-13.5
6115,-13.5
6125,-13.5
6138,-13.5
6143,-13.5
6155,-13.5
6165,-13.5
6175,-13.5
6188,-13.5
6193,-13.5
6205,-13.5
6215,-13.5
6225,-13.5
6240,-13.5
6244,-13.5
6255,-13.5
6265,-13.5
6275,-13.5
6288,-13.5
6293,-13.5
6305,-13.5
6314,-13.5
6324,-13.5
6338,-13.5
6343,-13.5
6354,-13.5
6364,-13.5
6374,-13.5
6387,-13.5
6393,-13.5
6404,-13.5
6414,-13.5
6424,-13.5
6439,-13.5
6443,-13.5
6454,-13.5
6464,-13.5
6474,-13.5
6484,-13.5
6493,-13.5
6504,-13.5
6514,-13.5
6524,-13.5
6534,-13.5
6543,-13.5
6553,-13.5
6563,-13.5
6573,-13.5
6584,-13.5
6593,-13.5
6603,-13.5
6613,-13.5
6623,-13.5
6639,-13.5
6643,-13.5
6653,-13.5
6663,-13.5
6673,-13.5
6683,-13.5
6693,-13.5
6703,-13.5
6713,-13.5
6723,-13.5
6733,-13.5
6743,-13.5
6753,-13.5
6763,-13.5
6773,-13.5
6789,-13.5
6794,-13.5
6803,-13.5
6813,-13.5
6823,-13.5
6833,-13.5
6843,-13.5
6853,-13.5
6863,-13.5
6873,-13.5
6883,-13.5
6893,-13.5
6903,-13.5
6913,-13.5
6923,-13.5
6939,-13.5
6944,-13.5
6953,-13.5
6963,-13.5
6973,-13.5
6983,-13.5
6993,-13.5
7003,-13.5
7013,-13.5
7023,-13.5
7033,-13.5
7043,-13.5
7053,-13.5
7063,-13.5
7073,-13.5
7083,-13.5
7094,-13.5
7103,-13.5
7113,-13.5
7123,-13.5
7138,-13.5
7144,-13.5
7153,-13.5
7163,-13.5
7173,-13.5
7184,-13.5
7194,-13.5
7203,-13.5
7213,-13.5
7224,-13.5
7234,-13.5
7244,-13.5
7254,-13.5
7264,-13.5
7274,-13.5
7289,-13.5
7294,-13.5
7304,-13.5
7314,-13.5
7324,-13.5
7334,-13.5
7344,-13.5
7354,-13.5
7364,-13.5
7374,-13.5
7384,-13.5
7394,-13.5
7404,-13.5
7414,-13.5
7424,-13.5
7434,-13.5
7444,-13.5
7454,-13.5
7464,-13.5
7474,-13.5
7486,-13.5
7494,-13.5
7504,-13.5
7514,-13.5
7524,-13.5
7534,-13.5
7544,-13.5
7554,-13.5
7564,-13.5
7574,-13.5
7585,-13.5
7594,-13.5
7604,-13.5
7614,-13.5
7624,-13.5
7637,-13.5
7645,-13.5
7654,-13.5
7664,-13.5
7675,-13.5
7685,-13.5
7695,-13.5
7704,-13.5
7714,-13.5
7724,-13.5
7735,-13.5
7745,-13.5
7754,-13.5
7764,-13.5
7774,-13.5
7785,-13.5
7795,-13.5
7804,-13.5
7815,-13.5
7825,-13.5
7838,-13.5
7845,-13.5
7855,-13.5
7865,-13.5
7875,-13.5
7885,-13.5
7895,-13.5
7904,-13.5
7915,-13.5
7925,-13.5
7935,-13.5
7945,-13.5
7955,-13.5
7965,-13.5
7975,-13.5
7985,-13.5
7995,-13.5
8004,-13.5
8015,-13.5
8025,-13.5
8036,-13.5
8045,-13.5
8054,-13.5
8065,-13.5
8075,-13.5
8088,-13.5
8095,-13.5
8104,-13.5
8115,-13.5
8125,-13.5
8136,-13.5
8145,-13.5
8155,-13.5
8165,-13.5
8175,-13.5
8186,-13.5
8195,-13.5
8204,-13.5
8215,-13.5
8225,-13.5
8236,-13.5
8246,-13.5
8255,-13.5
8266,-13.5
8276,-13.5
8287,-13.5
8296,-13.5
8304,-13.5
8316,-13.5
8325,-13.5
8338,-13.5
8346,-13.5
8355,-13.5
8366,-13.5
8376,-13.5
8387,-13.5
8396,-13.5
8404,-13.5
8416,-13.5
8426,-13.5
8437,-13.5
8446,-13.5
8454,-13.5
8466,-13.5
8476,-13.5
8487,-13.5
8496,-13.5
8503,-13.5
8516,-13.5
8526,-13.5
8537,-13.5
8546,-13.5
8554,-13.5
8566,-13.5
8576,-13.5
8589,-13.5
8596,-13.5
8603,-13.5
8616,-13.5
8626,-13.5
8637,-13.5
8646,-13.5
8653,-13.5
8666,-13.5
8676,-13.5
8687,-13.5
8696,-13.5
8703,-13.5
8716,-13.5
8726,-13.5
8737,-13.5
8746,-13.5
8753,-13.5
8766,-13.5
8776,-13.5
8787,-13.5
8796,-13.5
8803,-13.5
8816,-13.5
8826,-13.5
8839,-13.5
8847,-13.5
8853,-13.5
8866,-13.5
8876,-13.5
8888,-13.5
8896,-13.5
8903,-13.5
8916,-13.5
8926,-13.5
8938,-13.5
8946,-13.5
8953,-13.5
8966,-13.5
8976,-13.5
8988,-13.5
8996,-13.5
9003,-13.5
9016,-13.5
9026,-13.5
9038,-13.5
9045,-13.5
9053,-13.5
9065,-13.5
9075,-13.5
9088,-13.5
9095,-13.5
9103,-13.5
9115,-13.5
9125,-13.5
9139,-13.5
9146,-13.5
9153,-13.5
9165,-13.5
9175,-13.5
9188,-13.5
9195,-13.5
9203,-13.5
9215,-13.5
9225,-13.5
9237,-13.5
9245,-13.5
9253,-13.5
9265,-13.5
9274,-13.5
9288,-13.5
9294,-13.5
9303,-13.5
9314,-13.5
9324,-13.5
9346,-13.5
9353,-13.5
9364,-13.5
9374,-13.5
9389,-13.5
9394,-13.5
9403,-13.5
9414,-13.5
9424,-13.5
9434,-13.5
9444,-13.5
9453,-13.5
9464,-13.5
9474,-13.5
9485,-13.5
9494,-13.5
9503,-13.5
9514,-13.5
9523,-13.5
9539,-13.5
9544,-13.5
9553,-13.5
9563,-13.5
9573,-13.5
9583,-13.5
9593,-13.5
9603,-13.5
9613,-13.5
9623,-13.5
9634,-13.5
9643,-13.5
9653,-13.5
9663,-13.5
9673,-13.5
9683,-13.5
9693,-13.5
9703,-13.5
9713,-13.5
9723,-13.5
9737,-13.5
9743,-13.5
9753,-13.5
9763,-13.5
9773,-13.5
9783,-13.5
9793,-13.5
9803,-13.5
9813,-13.5
9823,-13.5
9833,-13.5
9843,-13.5
9853,-13.5
9863,-13.5
9873,-13.5
9886,-13.5
9893,-13.5
9903,-13.5
9913,-13.5
9923,-13.5
9933,-13.5
9943,-13.5
9953,-13.5
9963,-13.5
9973,-13.5
9983,-13.5
9993,-13.5
10003,-13.5
10013,-13.5
10023,-13.5
10036,-13.5
10043,-13.5
10053,-13.5
10063,-13.5
10073,-13.5
10083,-13.5
10093,-13.5
10104,-13.5
10113,-13.5
10123,-13.5
10134,-13.5
10143,-13.5
10154,-13.5
10163,-13.5
10173,-13.5
10188,-13.5
10193,-13.5
10204,-13.5
10214,-13.5
10224,-13.5
10234,-13.5
10244,-13.5
10254,-13.5
10264,-13.5
10274,-13.5
10284,-13.5
10294,-13.5
10304,-13.5
10314,-13.5
10324,-13.5
10334,-13.5
10344,-13.5
10354,-13.5
10364,-13.5
10374,-13.5
10388,-13.5
10394,-13.5
10404,-13.5
10414,-13.5
10424,-13.5
10434,-13.5
10444,-13.5
10454,-13.5
10464,-13.5
10474,-13.5
10484,-13.5
10494,-13.5
10504,-13.5
10514,-13.5
10524,-13.5
10536,-13.5
10544,-13.5
10554,-13.5
10564,-13.5
10574,-13.5
10584,-13.5
10594,-13.5
10604,-13.5
10614,-13.5
10624,-13.5
10635,-13.5
10644,-13.5
10655,-13.5
10664,-13.5
10674,-13.5
10684,-13.5
10694,-13.5
10705,-13.5
10714,-13.5
10724,-13.5
10738,-13.5
10744,-13.5
10755,-13.5
10764,-13.5
10774,-13.5
10785,-13.5
10795,-13.5
10805,-13.5
10814,-13.5
10825,-13.5
10835,-13.5
10845,-13.5
10855,-13.5
10864,-13.5
10875,-13.5
10886,-13.5
10895,-13.5
10905,-13.5
10914,-13.5
10925,-13.5
10937,-13.5
10945,-13.5
10955,-13.5
10965,-13.5
10975,-13.5
10985,-13.5
10995,-13.5
11005,-13.5
11014,-13.5
11025,-13.5
11036,-13.5
11045,-13.5
11055,-13.5
11065,-13.5
11075,-13.5
11086,-13.5
11095,-13.5
11105,-13.5
11114,-13.5
11125,-13.5
11136,-13.5
11145,-13.5
11155,-13.5
11165,-13.5
11175,-13.5
11187,-13.5
11195,-13.5
11206,-13.5
11214,-13.5
11225,-13.5
11236,-13.5
11246,-13.5
11256,-13.5
11264,-13.5
11275,-13.5
11286,-13.5
11296,-13.5
11306,-13.5
11314,-13.5
11326,-13.5
11336,-13.5
11346,-13.5
11356,-13.5
11364,-13.5
11376,-13.5
11387,-13.5
11396,-13.5
11406,-13.5
11414,-13.5
11426,-13.5
11438,-13.5
11446,-13.5
11456,-13.5
11464,-13.5
11476,-13.5
11486,-13.5
11496,-13.5
11506,-13.5
11513,-13.5
11526,-13.5
11536,-13.5
11546,-13.5
11556,-13.5
11564,-13.5
11576,-13.5
11587,-13.5
11596,-13.5
11606,-13.5
11613,-13.5
11626,-13.5
11637,-13.5
11646,-13.5
11656,-13.5
11663,-13.5
11676,-13.5
11689,-13.5
11696,-13.5
11706,-13.5
11713,-13.5
11726,-13.5
11738,-13.5
11746,-13.5
11756,-13.5
11763,-13.5
11776,-13.5
11787,-13.5
11796,-13.5
11806,-13.5
11813,-13.5
11826,-13.5
11837,-13.5
11846,-13.5
11856,-13.5
11863,-13.5
11876,-13.5
11888,-13.5
11896,-13.5
11906,-13.5
11913,-13.5
11926,-13.5
11938,-13.5
11946,-13.5
11956,-13.5
11963,-13.5
11976,-13.5
11990,-13.5
11997,-13.5
12006,-13.5
12013,-13.5
12026,-13.5
12038,-13.5
12045,-13.5
12056,-13.5
12063,-13.5
12075,-13.5
12088,-13.5
12095,-13.5
12105,-13.5
12113,-13.5
12125,-13.5
12138,-13.5
12145,-13.5
12155,-13.5
12163,-13.5
12175,-13.5
12188,-13.5
12194,-13.5
12205,-13.5
12213,-13.5
12225,-13.5
12239,-13.5
12245,-13.5
12255,-13.5
12263,-13.5
12275,-13.5
12286,-13.5
12294,-13.5
12305,-13.5
12313,-13.5
12324,-13.5
12336,-13.5
12344,-13.5
12354,-13.5
12363,-13.5
12374,-13.5
12386,-13.5
12394,-13.5
12404,-13.5
12413,-13.5
12424,-13.5
12440,-13.5
12446,-13.5
12454,-13.5
12463,-13.5
12474,-13.5
12484,-13.5
12494,-13.5
12503,-13.5
12513,-13.5
12523,-13.5
12535,-13.5
12543,-13.5
12553,-13.5
12563,-13.5
12573,-13.5
12585,-13.5
12593,-13.5
12603,-13.5
12613,-13.5
12623,-13.5
12639,-13.5
12644,-13.5
12653,-13.5
12663,-13.5
12673,-13.5
12683,-13.5
12693,-13.5
12703,-13.5
12713,-13.5
12723,-13.5
12733,-13.5
12743,-13.5
12753,-13.5
12763,-13.5
12773,-13.5
12789,-13.5
12793,-13.5
12803,-13.5
12813,-13.5
12823,-13.5
12833,-13.5
12843,-13.5
12853,-13.5
12863,-13.5
12873,-13.5
12883,-13.5
12893,-13.5
12903,-13.5
12913,-13.5
12923,-13.5
12939,-13.5
12943,-13.5
12953,-13.5
12963,-13.5
12973,-13.5
12983,-13.5
12993,-13.5
13003,-13.5
13013,-13.5
13023,-13.5
13033,-13.5
13043,-13.5
13053,-13.5
13064,-13.5
13073,-13.5
13088,-13.5
13093,-13.5
13103,-13.5
13114,-13.5
13123,-13.5
13133,-13.5
13143,-13.5
13153,-13.5
13164,-13.5
13173,-13.5
13183,-13.5
13193,-13.5
13204,-13.5
13214,-13.5
13224,-13.5
13234,-13.5
13244,-13.5
13254,-13.5
13264,-13.5
13274,-13.5
13288,-13.5
13294,-13.5
13304,-13.5
13314,-13.5
13324,-13.5
13334,-13.5
13344,-13.5
13354,-13.5
13364,-13.5
13374,-13.5
13384,-13.5
13394,-13.5
13404,-13.5
13414,-13.5
13424,-13.5
13436,-13.5
13444,-13.5
13454,-13.5
13464,-13.5
13474,-13.5
13484,-13.5
13494,-13.5
13504,-13.5
13514,-13.5
13524,-13.5
13535,-13.5
13544,-13.5
13554,-13.5
13564,-13.5
13574,-13.5
13585,-13.5
13594,-13.5
13604,-13.5
13614,-13.5
13624,-13.5
13638,-13.5
13644,-13.5
13654,-13.5
13665,-13.5
13674,-13.5
13685,-13.5
13694,-13.5
13705,-13.5
13715,-13.5
13724,-13.5
13735,-13.5
13744,-13.5
13754,-13.5
13765,-13.5
13775,-13.5
13785,-13.5
13795,-13.5
13805,-13.5
13815,-13.5
13824,-13.5
13837,-13.5
13845,-13.5
13855,-13.5
13865,-13.5
13875,-13.5
13885,-13.5
13895,-13.5
13905,-13.5
13915,-13.5
13924,-13.5
13935,-13.5
13945,-13.5
13955,-13.5
13965,-13.5
13975,-13.5
13985,-13.5
13995,-13.5
14005,-13.5
14015,-13.5
14024,-13.5
14035,-13.5
14045,-13.5
14055,-13.5
14065,-13.5
14075,-13.5
14087,-13.5
14095,-13.5
14105,-13.5
14115,-13.5
14124,-13.5
14135,-13.5
14145,-13.5
14155,-13.5
14166,-13.4375
14174,-13.4375
14186,-13.4375
14195,-13.4375
14205,-13.4375
14216,-13.4375
14224,-13.4375
14236,-13.4375
14245,-13.4375
14256,-13.4375
14266,-13.4375
14275,-13.4375
14286,-13.4375
14296,-13.4375
14306,-13.4375
14316,-13.4375
14323,-13.4375
14337,-13.4375
14346,-13.4375
14356,-13.4375
14366,-13.4375
14374,-13.4375
14386,-13.4375
14396,-13.4375
14406,-13.4375
14416,-13.4375
14423,-13.4375
14436,-13.4375
14446,-13.4375
14456,-13.4375
14466,-13.4375
14474,-13.4375
14486,-13.4375
14496,-13.4375
14506,-13.4375
14516,-13.4375
14523,-13.4375
14536,-13.4375
14546,-13.4375
14556,-13.4375
14566,-13.4375
14573,-13.4375
14588,-13.4375
14596,-13.4375
14606,-13.4375
14616,-13.4375
14623,-13.4375
14636,-13.4375
14646,-13.4375
14656,-13.4375
14666,-13.4375
14673,-13.4375
14686,-13.4375
14696,-13.4375
14706,-13.4375
14716,-13.1875
14723,-13.0625
14733,-13.0
14746,-13.0625
14756,-13.125
14766,-13.1875
14773,-13.375
14783,-13.4375
14792,-13.375
14800,0.0
14810,0.0
14820,0.0
14830,0.0
14840,0.0
14850,0.0
14860,0.0
14870,0.0
14880,0.0
14890,0.0
14900,0.0
14910,0.0
14920,0.0
14930,0.0
14946,-13.1875
14956,-13.25
14966,-13.25
14973,-13.25
14986,-13.25
14996,-13.1875
15005,-13.1875
15015,-13.1875
15023,-13.1875
15035,-13.1875
15045,-13.1875
15055,-13.1875
15065,-13.125
15073,-13.125
15085,-13.125
15095,-13.125
15105,-13.125
15114,-13.1875
15123,-13.125
15136,-13.125
15144,-13.125
15152,-13.125
15163,0.0
15170,0.0
