Timestamp (ms),F_IMU_GYRO_Z
5185,0.0
5194,0.0
5205,-0.1875
5215,-0.125
5225,0.0625
5238,0.0625
5244,0.0625
5255,0.0
5265,-0.125
5275,0.125
5286,-0.0625
5293,-0.0625
5305,-0.0625
5316,-0.125
5326,-0.0625
5326,-0.0625
5337,0.125
5345,0.125
5355,-0.0625
5366,0.0625
5376,0.0
5386,0.0625
5394,0.0625
5406,-0.0625
5416,0.0
5426,0.0625
5438,-0.1875
5444,-0.1875
5456,0.0625
5466,0.1875
5476,0.125
5487,0.0
5493,0.0
5506,-0.0625
5516,-0.0625
5526,-0.0625
5537,-0.125
5544,-0.125
5556,-0.0625
5566,0.0625
5576,-0.0625
5587,0.0625
5593,0.0625
5606,0.0625
5616,0.0
5626,0.0
5637,0.0
5644,0.0
5656,-0.0625
5666,-0.125
5676,-0.1875
5689,-0.125
5693,-0.125
5706,-0.125
5716,-0.125
5726,-0.0625
5738,-0.125
5744,-0.125
5756,-0.0625
5766,0.1875
5776,0.125
5776,0.125
5787,0.25
5793,-0.1875
5806,-0.4375
5816,-0.3125
5826,-0.125
5826,-0.125
5838,0.25
5843,0.25
5856,0.1875
5866,-0.1875
5876,-0.1875
5888,-0.0625
5893,-0.0625
5906,0.0625
5916,0.0
5926,0.0625
5940,0.0625
5944,0.0625
5957,0.125
5966,0.25
5976,-0.125
5988,-0.0625
5993,-0.0625
6007,0.1875
6016,0.0
6026,0.0625
6038,0.0625
6043,0.0625
6056,0.125
6066,0.0625
6076,-0.0625
6088,0.0
6093,0.0625
6105,0.1875
6115,0.0
6125,0.0
6138,-0.0625
6143,0.0
6155,-0.125
6165,0.0
6175,0.0625
6175,0.0625
6188,0.125
6193,0.125
6205,0.125
6215,-0.125
6225,-0.1875
6240,0.0
6244,0.0
6255,-0.125
6265,-0.0625
6275,0.0
6275,0.0
6288,-0.0625
6293,0.0
6305,0.0
6314,0.0
6324,0.0
6338,-0.0625
6343,0.0
6354,0.125
6364,0.0
6374,-0.125
6387,-0.0625
6393,0.125
6404,0.0
6414,0.0625
6424,-0.0625
6439,0.0625
6443,0.0625
6454,-0.125
6464,0.0
6474,0.0
6484,0.0625
6493,-0.0625
6504,-0.0625
6514,0.125
6524,-0.0625
6534,-0.0625
6543,0.0625
6553,0.0625
6563,0.0625
6573,0.0625
6584,-0.0625
6593,-0.0625
6603,-0.125
6613,0.0625
6623,0.125
6639,0.0625
6643,0.0
6653,-0.0625
6663,0.0
6673,-0.0625
6683,-0.0625
6693,-0.0625
6703,0.0625
6713,0.125
6723,0.0
6733,0.25
6743,0.0
6753,0.25
6763,0.0
6773,0.125
6789,-0.0625
6794,0.0625
6803,-0.0625
6813,0.0625
6823,0.0625
6833,0.0625
6843,-0.125
6853,0.1875
6863,0.0
6873,0.1875
6883,0.0
6893,-0.0625
6903,0.0625
6913,0.0
6923,0.0
6939,0.0
6944,0.0625
6953,-0.0625
6963,0.0625
6973,0.125
6983,0.0625
6993,0.0
7003,0.125
7013,-0.1875
7023,-0.125
7023,-0.125
7033,-0.125
7043,0.125
7053,-0.125
7063,0.0
7073,0.0
7083,-0.0625
7094,0.0
7103,0.0625
7113,-0.125
7123,-0.125
7138,0.0
7144,0.0625
7153,-0.0625
7163,0.0625
7173,0.0625
7173,0.0625
7184,-0.0625
7194,-0.1875
7203,-0.125
7213,-0.125
7224,0.0
7234,-0.0625
7244,-0.125
7254,0.1875
7264,0.0
7274,0.0
7289,-0.0625
7294,0.0625
7304,-0.125
7314,-0.0625
7324,-0.0625
7324,-0.0625
7334,-0.125
7344,0.0625
7354,0.125
7364,-0.1875
7374,-0.0625
7374,-0.0625
7384,-0.0625
7394,-0.0625
7404,0.0625
7414,0.0
7424,0.0625
7424,0.0625
7434,0.0
7444,0.0625
7454,-0.0625
7464,0.125
7474,0.0
7486,0.0
7494,0.0625
7504,0.125
7514,0.0625
7524,0.0625
7534,-0.0625
7544,-0.0625
7554,0.0
7564,0.0625
7574,0.0
7585,-0.0625
7594,-0.0625
7604,-0.0625
7614,-0.0625
7624,0.0
7637,0.125
7645,0.0
7654,0.0625
7664,-0.1875
7675,0.0
7685,-0.0625
7695,-0.0625
7704,0.0625
7714,0.125
7724,0.0
7724,0.0
7735,0.0
7745,0.125
7754,0.0
7764,-0.0625
7774,-0.1875
7774,-0.1875
7785,0.0625
7795,-0.0625
7804,-0.0625
7815,0.0625
7825,0.0
7838,0.0
7845,0.0
7855,0.0625
7865,0.0625
7875,0.0625
7885,-0.0625
7895,0.0
7904,0.0
7915,-0.125
7925,-0.0625
7935,-0.0625
7945,-0.125
7955,-0.125
7965,-0.125
7975,-0.125
7985,0.0625
7995,0.0
8004,0.0
8015,0.0
8025,0.125
8025,0.125
8036,-0.125
8045,0.125
8054,0.125
8065,0.0625
8075,-0.0625
8075,-0.0625
8088,0.0625
8095,0.0625
8104,0.0625
8115,0.0625
8125,0.0625
8136,0.0
8145,0.0625
8155,0.0625
8165,-0.0625
8175,-0.0625
8186,0.0
8195,0.0
8204,0.0
8215,0.0
8225,-0.125
8236,-0.1875
8246,-0.1875
8255,0.0
8266,0.0
8276,0.0625
8287,-0.0625
8296,-0.0625
8304,-0.125
8316,-0.125
8325,-0.0625
8338,0.125
8346,0.125
8355,0.0625
8366,-0.0625
8376,-0.125
8376,-0.125
8387,-0.0625
8396,-0.0625
8404,-0.0625
8416,0.0625
8426,0.0
8437,-0.0625
8446,-0.0625
8454,-0.0625
8466,-0.0625
8476,0.0
8487,-0.125
8496,-0.125
8503,0.0
8516,-0.125
8526,-0.125
8526,-0.125
8537,0.0
8546,0.0
8554,0.0625
8566,-0.1875
8576,-0.125
8576,-0.125
8589,-0.125
8596,-0.125
8603,-0.0625
8616,0.0
8626,0.0
8637,0.125
8646,0.0625
8653,-0.0625
8666,0.1875
8676,-0.0625
8687,0.0625
8696,-0.0625
8703,-0.0625
8716,-0.125
8726,0.0
8726,0.0
8737,0.0
8746,0.0
8753,0.0
8766,0.0
8776,-0.0625
8787,0.0
8796,0.0
8803,-0.0625
8816,-0.0625
8826,-0.1875
8839,-0.0625
8847,-0.0625
8853,0.0
8866,0.0
8876,0.125
8888,0.0625
8896,0.0625
8903,0.0625
8916,0.0
8926,0.125
8938,0.0
8946,0.0625
8953,-0.0625
8966,-0.0625
8976,0.25
8976,0.25
8988,0.125
8996,0.0
9003,-0.1875
9016,0.0
9026,-0.25
9038,-0.0625
9045,-0.125
9053,-0.0625
9065,0.1875
9075,0.0625
9088,0.1875
9095,-0.1875
9103,-0.125
9115,0.0625
9125,-0.0625
9139,0.125
9146,0.125
9153,-0.0625
9165,0.0625
9175,-0.0625
9188,-0.125
9195,0.125
9203,-0.0625
9215,0.0625
9225,0.0
9237,0.0
9245,0.0
9253,-0.0625
9265,0.0
9274,-0.0625
9288,-0.0625
9294,0.0
9303,0.125
9314,0.0625
9324,0.0
9324,0.0
9346,-0.125
9353,-0.125
9364,-0.0625
9374,0.125
9389,0.0
9394,-0.0625
9403,-0.125
9414,-0.0625
9424,-0.0625
9434,-0.0625
9444,0.0625
9453,-0.0625
9464,0.0625
9474,0.0
9485,0.0
9494,-0.125
9503,-0.0625
9514,0.0
9523,0.0625
9539,0.0625
9544,0.0625
9553,0.0625
9563,0.0625
9573,0.0
9583,0.0
9593,0.0625
9603,0.0625
9613,0.0
9623,0.0625
9623,0.0625
9634,0.0625
9643,0.0625
9653,-0.0625
9663,-0.125
9673,0.0
9673,0.0
9683,0.125
9693,-0.1875
9703,-0.0625
9713,-0.0625
9723,0.0625
9737,0.1875
9743,0.0
9753,-0.0625
9763,-0.0625
9773,-0.0625
9783,-0.0625
9793,0.0625
9803,-0.1875
9813,0.0
9823,-0.0625
9823,-0.0625
9833,0.0
9843,0.0625
9853,-0.0625
9863,-0.0625
9873,-0.1875
9886,-0.0625
9893,0.1875
9903,0.125
9913,-0.125
9923,0.0
9933,-0.1875
9943,-0.0625
9953,0.0625
9963,0.0
9973,0.1875
9983,-0.0625
9993,0.0625
10003,-0.0625
10013,0.0
10023,0.125
10023,0.125
10036,-0.0625
10043,-0.1875
10053,-0.0625
10063,0.0
10073,-0.0625
10083,0.0625
10093,0.0625
10104,-0.25
10113,0.0625
10123,-0.0625
10134,0.0625
10143,-0.0625
10154,0.0625
10163,-0.0625
10173,0.0
10188,0.0625
10193,0.0625
10204,-0.0625
10214,0.0
10224,0.0
10234,-0.0625
10244,0.0625
10254,-0.1875
10264,0.0625
10274,0.0625
10284,0.0
10294,-0.125
10304,0.0
10314,-0.1875
10324,-0.0625
10334,-0.0625
10344,-0.0625
10354,-0.0625
10364,-0.0625
10374,0.0
10388,-0.0625
10394,-0.0625
10404,-0.125
10414,-0.0625
10424,-0.125
10424,-0.125
10434,-0.0625
10444,0.125
10454,0.1875
10464,0.0625
10474,0.1875
10474,0.1875
10484,0.3125
10494,0.1875
10504,-0.1875
10514,-0.0625
10524,-0.0625
10536,-0.125
10544,-0.0625
10554,0.0625
10564,0.0625
10574,-0.0625
10584,-0.0625
10594,-0.0625
10604,-0.0625
10614,0.0625
10624,0.0625
10635,-0.0625
10644,-0.25
10655,-0.3125
10664,-0.1875
10674,0.125
10684,0.0625
10694,0.0
10705,0.0625
10714,-0.0625
10724,-0.3125
10738,-0.0625
10744,-0.0625
10755,0.0
10764,-0.1875
10774,-0.1875
10785,0.0
10795,0.0
10805,0.0625
10814,0.0625
10825,-0.1875
10835,-0.0625
10845,0.125
10855,0.0
10864,0.0
10875,0.1875
10886,-0.0625
10895,-0.125
10905,-0.1875
10914,-0.1875
10925,0.0
10937,-0.0625
10945,-0.125
10955,0.1875
10965,0.125
10975,0.125
10985,-0.125
10995,-0.0625
11005,-0.0625
11014,-0.0625
11025,-0.0625
11036,0.1875
11045,0.125
11055,0.0
11065,0.0
11075,-0.0625
11086,-0.125
11095,-0.1875
11105,0.0625
11114,0.0625
11125,0.1875
11136,0.0
11145,0.0
11155,0.0
11165,0.0
11175,0.0625
11175,0.0625
11187,0.0
11195,0.0
11206,0.0
11214,-0.0625
11225,-0.0625
11225,-0.0625
11236,-0.125
11246,-0.125
11256,-0.125
11264,-0.0625
11275,-0.0625
11286,-0.0625
11296,-0.0625
11306,-0.0625
11314,0.0625
11326,-0.125
11336,-0.0625
11346,-0.0625
11356,0.125
11364,-0.125
11376,0.0625
11387,0.0
11396,0.0
11406,-0.0625
11414,-0.0625
11426,0.0
11426,0.0
11438,0.0
11446,0.0
11456,0.0
11464,-0.125
11476,0.0
11486,0.0
11496,0.125
11506,-0.0625
11513,-0.1875
11526,-0.0625
11526,-0.0625
11536,-0.125
11546,-0.0625
11556,0.0
11564,0.0625
11576,0.125
11576,0.125
11587,0.0
11596,0.0
11606,0.0625
11613,0.0
11626,0.125
11637,0.0
11646,0.0
11656,0.0
11663,-0.0625
11676,-0.0625
11676,-0.0625
11689,0.0
11696,0.0
11706,-0.0625
11713,0.0
11726,-0.0625
11738,0.0
11746,0.0
11756,0.0625
11763,-0.0625
11776,-0.0625
11776,-0.0625
11787,0.0
11796,0.0
11806,-0.0625
11813,0.125
11826,0.125
11826,0.125
11837,0.0
11846,0.0
11856,-0.125
11863,0.0625
11876,-0.0625
11888,-0.0625
11896,-0.0625
11906,-0.0625
11913,0.0
11926,-0.0625
11938,0.0
11946,0.0
11956,0.0
11963,0.125
11976,-0.0625
11976,-0.0625
11990,-0.125
11997,-0.125
12006,-0.0625
12013,0.0
12026,0.0
12038,0.0
12045,-0.125
12056,0.0625
12063,0.0
12075,-0.0625
12075,-0.0625
12088,0.0
12095,-0.25
12105,-0.0625
12113,-0.0625
12125,0.0
12125,0.0
12138,0.125
12145,0.0
12155,0.0625
12163,-0.0625
12175,-0.0625
12175,-0.0625
12188,-0.125
12194,-0.0625
12205,0.0
12213,-0.125
12225,0.0
12239,-0.0625
12245,-0.0625
12255,0.125
12263,0.0625
12275,0.0
12275,0.0
12286,-0.0625
12294,0.0
12305,-0.0625
12313,0.0
12324,-0.0625
12336,0.0625
12344,0.0625
12354,-0.0625
12363,0.0
12374,0.0
12386,-0.0625
12394,-0.0625
12404,0.0625
12413,0.0625
12424,-0.125
12424,-0.125
12440,0.0
12446,0.0
12454,0.0625
12463,0.125
12474,0.0625
12484,0.0625
12494,0.0625
12503,0.0625
12513,-0.125
12523,-0.1875
12523,-0.1875
12535,0.0
12543,0.0625
12553,0.125
12563,-0.0625
12573,-0.0625
12573,-0.0625
12585,0.0
12593,0.0625
12603,0.0625
12613,0.0625
12623,0.125
12639,0.125
12644,0.125
12653,-0.0625
12663,-0.0625
12673,0.0
12683,0.0
12693,-0.1875
12703,-0.0625
12713,-0.125
12723,0.0
12733,-0.0625
12743,-0.125
12753,-0.0625
12763,0.0625
12773,0.0625
12789,-0.125
12793,0.125
12803,0.0
12813,0.0
12823,0.0
12833,-0.125
12843,-0.0625
12853,-0.0625
12863,0.0
12873,0.0
12883,-0.125
12893,0.0
12903,0.125
12913,-0.125
12923,-0.0625
12939,-0.0625
12943,0.125
12953,-0.125
12963,-0.0625
12973,0.125
12973,0.125
12983,-0.125
12993,0.0
13003,0.0
13013,0.0
13023,0.125
13033,-0.0625
13043,0.0
13053,0.0
13064,-0.125
13073,0.0
13088,0.0
13093,-0.125
13103,-0.0625
13114,0.0
13123,0.125
13133,-0.125
13143,-0.0625
13153,-0.0625
13164,0.125
13173,-0.0625
13183,0.125
13193,0.1875
13204,0.0625
13214,0.0
13224,0.0625
13234,-0.125
13244,-0.0625
13254,0.0625
13264,0.0625
13274,0.0
13288,0.125
13294,0.0
13304,-0.0625
13314,0.0625
13324,-0.125
13334,-0.25
13344,0.125
13354,0.0
13364,-0.1875
13374,0.0
13384,-0.0625
13394,0.125
13404,-0.125
13414,0.1875
13424,-0.0625
13424,-0.0625
13436,0.0
13444,0.0625
13454,0.0
13464,-0.125
13474,0.0
13484,0.0
13494,0.0625
13504,-0.125
13514,0.125
13524,-0.0625
13524,-0.0625
13535,0.0625
13544,-0.0625
13554,-0.0625
13564,0.0625
13574,-0.0625
13585,0.0
13594,0.0
13604,-0.0625
13614,0.0
13624,0.0625
13638,-0.0625
13644,-0.0625
13654,-0.1875
13665,0.0
13674,0.125
13685,-0.0625
13694,0.0625
13705,0.0
13715,0.0
13724,0.0
13735,-0.0625
13744,-0.0625
13754,-0.0625
13765,-0.0625
13775,0.0625
13775,0.0625
13785,-0.125
13795,-0.0625
13805,0.0
13815,0.125
13824,0.0625
13824,0.0625
13837,-0.0625
13845,0.0
13855,0.125
13865,-0.125
13875,-0.1875
13885,-0.0625
13895,0.0625
13905,-0.0625
13915,-0.0625
13924,-0.0625
13924,-0.0625
13935,0.125
13945,0.1875
13955,0.125
13965,0.0625
13975,0.0625
13985,0.0625
13995,0.0
14005,-0.1875
14015,-0.125
14024,-0.125
14035,0.0625
14045,0.125
14055,0.125
14065,0.0625
14075,0.0625
14087,-0.125
14095,-0.0625
14105,-0.125
14115,0.1875
14124,0.1875
14135,0.0625
14145,0.25
14155,0.25
14166,0.25
14174,0.3125
14186,-0.3125
14195,-0.3125
14205,-0.1875
14216,0.0625
14224,0.0625
14236,0.125
14245,0.125
14256,0.125
14266,0.0
14275,-0.0625
14286,0.0
14296,0.0
14306,0.0
14316,0.125
14323,-0.1875
14337,0.0625
14346,0.0625
14356,-0.1875
14366,-0.125
14374,-0.4375
14386,-0.0625
14396,0.0
14406,-0.0625
14416,0.1875
14423,0.0625
14423,0.0625
14436,-0.125
14446,-0.125
14456,-0.1875
14466,0.0625
14474,-0.0625
14486,0.125
14496,-0.0625
14506,0.0625
14516,0.1875
14523,0.0625
14536,-0.125
14546,-0.125
14556,-0.1875
14566,-0.0625
14573,-0.125
14588,0.1875
14596,0.1875
14606,0.0
14616,0.0
14623,0.0
14636,-0.125
14646,-0.125
14656,-0.0625
14666,0.0
14673,0.0625
14686,0.1875
14696,0.0
14706,0.4375
14716,-0.5
14723,-0.5625
14723,-0.5625
14733,-0.3125
14746,-0.125
14756,0.125
14766,0.1875
14773,-0.1875
14783,-1.1875
14792,0.0
14800,0.0
14810,0.0
14820,0.0
14830,0.0
14840,0.0
14850,0.0
14860,0.0
14870,0.0
14870,0.0
14880,0.0
14890,0.0
14900,0.0
14910,0.0
14920,0.0
14930,0.0
14946,-0.0625
14956,0.125
14966,0.0
14973,-0.1875
14986,-0.0625
14996,-0.25
15005,-0.3125
15015,-0.1875
15023,-0.25
15035,0.0625
15045,0.1875
15055,0.0
15065,0.0
15073,-0.0625
15085,0.0
15095,0.0
15105,-0.0625
15114,-0.125
15123,-1.5625
15136,-7.6875
15144,-8.0
15152,0.0
15163,-0.75
15170,0.0
