Timestamp (ms),F_IMU_GYRO_Y
5185,0.125
5194,0.125
5205,0.25
5215,0.0
5225,-0.25
5238,-0.125
5244,-0.125
5255,-0.0625
5265,0.0
5275,-0.1875
5286,-0.1875
5293,-0.1875
5305,0.0625
5316,0.3125
5326,0.0
5326,0.0
5337,0.0
5345,0.0
5355,-0.0625
5366,-0.25
5376,-0.0625
5386,0.0
5394,0.0
5406,0.0625
5416,-0.125
5426,-0.1875
5438,-0.0625
5444,-0.0625
5456,0.25
5466,-0.0625
5476,0.0
5487,-0.125
5493,-0.125
5506,-0.375
5516,-0.125
5526,-0.0625
5537,-0.0625
5544,-0.0625
5556,0.25
5566,0.1875
5576,0.1875
5587,-0.0625
5593,-0.0625
5606,-0.0625
5616,-0.1875
5626,0.1875
5637,0.1875
5644,0.1875
5656,0.0625
5666,-0.0625
5676,0.0
5689,-0.125
5693,-0.125
5706,0.625
5716,0.1875
5726,1.25
5738,-0.625
5744,-0.625
5756,-0.4375
5766,-0.6875
5776,0.4375
5776,0.4375
5787,0.625
5793,-0.0625
5806,-0.125
5816,0.25
5826,-0.25
5826,-0.25
5838,0.375
5843,0.375
5856,-0.3125
5866,-0.375
5876,-0.1875
5888,0.4375
5893,0.4375
5906,0.3125
5916,-0.125
5926,-0.125
5940,-0.4375
5944,-0.4375
5957,-0.1875
5966,0.375
5976,0.375
5988,0.0625
5993,0.0625
6007,-0.25
6016,-0.25
6026,0.0625
6038,-0.0625
6043,-0.0625
6056,0.0
6066,-0.1875
6076,0.0625
6088,-0.0625
6093,-0.0625
6105,0.125
6115,-0.1875
6125,-0.1875
6138,0.25
6143,0.1875
6155,0.0625
6165,-0.0625
6175,-0.4375
6175,-0.4375
6188,-0.25
6193,0.375
6205,0.4375
6215,-0.375
6225,-0.25
6240,0.25
6244,0.25
6255,0.375
6265,0.25
6275,-0.0625
6275,-0.0625
6288,-0.5625
6293,-0.0625
6305,0.1875
6314,0.0625
6324,0.375
6338,0.0625
6343,-0.375
6354,-0.0625
6364,0.0
6374,0.0625
6387,-0.0625
6393,0.0
6404,-0.125
6414,-0.0625
6424,0.1875
6439,-0.0625
6443,0.0
6454,-0.25
6464,-0.25
6474,0.0
6484,0.0
6493,-0.0625
6504,-0.125
6514,-0.3125
6524,0.0625
6534,0.1875
6543,0.0625
6553,-0.0625
6563,-0.125
6573,-0.375
6584,-0.25
6593,0.125
6603,-0.125
6613,0.0
6623,-0.0625
6639,-0.3125
6643,-0.1875
6653,0.0
6663,-0.125
6673,0.125
6683,0.0
6693,-0.0625
6703,-0.0625
6713,-0.1875
6723,-0.3125
6733,-0.0625
6743,0.0
6753,-0.25
6763,0.0
6773,0.0
6789,0.0625
6794,0.0625
6803,0.0
6813,-0.125
6823,-0.1875
6833,-0.25
6843,0.0
6853,-0.0625
6863,-0.125
6873,0.125
6883,-0.0625
6893,-0.125
6903,-0.125
6913,0.0625
6923,0.25
6939,-0.125
6944,-0.125
6953,-0.1875
6963,-0.0625
6973,-0.3125
6983,0.125
6993,0.1875
7003,0.0625
7013,-0.125
7023,0.0625
7023,0.0625
7033,0.3125
7043,0.0625
7053,-0.1875
7063,-0.3125
7073,-0.0625
7083,-0.0625
7094,-0.5
7103,-0.25
7113,0.125
7123,-0.0625
7138,-0.0625
7144,-0.0625
7153,0.0
7163,-0.1875
7173,-0.0625
7173,-0.0625
7184,-0.125
7194,0.0
7203,0.1875
7213,0.0
7224,-0.25
7234,0.0
7244,0.125
7254,-0.125
7264,-0.375
7274,-0.125
7289,-0.25
7294,0.0625
7304,0.0625
7314,0.0
7324,0.125
7324,0.125
7334,0.0
7344,-0.0625
7354,0.0
7364,0.125
7374,-0.25
7374,-0.25
7384,0.0
7394,-0.25
7404,-0.3125
7414,0.0
7424,-0.0625
7424,-0.0625
7434,-0.1875
7444,0.0
7454,0.0625
7464,-0.375
7474,0.0
7486,-0.0625
7494,-0.0625
7504,-0.0625
7514,-0.125
7524,-0.1875
7534,-0.125
7544,0.0
7554,0.25
7564,-0.0625
7574,0.125
7585,0.0
7594,-0.0625
7604,0.0
7614,-0.125
7624,0.125
7637,0.125
7645,-0.0625
7654,-0.0625
7664,0.0625
7675,0.0625
7685,-0.0625
7695,-0.25
7704,-0.1875
7714,-0.0625
7724,-0.0625
7724,-0.0625
7735,0.0
7745,-0.25
7754,0.0
7764,0.3125
7774,0.125
7774,0.125
7785,-0.125
7795,-0.25
7804,0.0625
7815,-0.0625
7825,0.0
7838,0.0
7845,0.0
7855,0.125
7865,-0.1875
7875,0.0
7885,0.0625
7895,-0.375
7904,-0.375
7915,-0.25
7925,-0.125
7935,-0.125
7945,0.125
7955,0.125
7965,0.0625
7975,0.25
7985,0.25
7995,0.25
8004,0.25
8015,0.1875
8025,-0.1875
8025,-0.1875
8036,-0.3125
8045,-0.1875
8054,-0.1875
8065,0.125
8075,0.3125
8075,0.3125
8088,-0.125
8095,0.0625
8104,0.0625
8115,-0.1875
8125,0.0625
8136,-0.3125
8145,-0.3125
8155,-0.3125
8165,0.0
8175,0.0
8186,0.0625
8195,0.0625
8204,0.0625
8215,0.375
8225,0.375
8236,-0.25
8246,-0.25
8255,0.0625
8266,0.125
8276,-0.0625
8287,-0.0625
8296,-0.0625
8304,-0.125
8316,0.0625
8325,0.125
8338,-0.0625
8346,-0.0625
8355,-0.4375
8366,-0.25
8376,-0.25
8376,-0.25
8387,0.0
8396,0.0
8404,-0.0625
8416,0.1875
8426,0.0625
8437,0.0
8446,0.0
8454,0.125
8466,0.0
8476,-0.125
8487,-0.0625
8496,-0.0625
8503,-0.0625
8516,-0.125
8526,-0.1875
8526,-0.1875
8537,0.0
8546,0.0
8554,0.125
8566,0.0625
8576,0.1875
8576,0.1875
8589,-0.0625
8596,-0.0625
8603,-0.0625
8616,-0.25
8626,-0.25
8637,-0.25
8646,-0.0625
8653,-0.0625
8666,0.0
8676,0.25
8687,-0.0625
8696,-0.0625
8703,-0.1875
8716,-0.125
8726,-0.0625
8726,-0.0625
8737,0.0
8746,0.0
8753,0.0625
8766,0.125
8776,-0.5
8787,-0.0625
8796,-0.0625
8803,-0.3125
8816,-0.125
8826,0.0
8839,0.125
8847,0.125
8853,0.0625
8866,0.0625
8876,-0.1875
8888,-0.25
8896,-0.25
8903,-0.25
8916,-0.125
8926,0.125
8938,0.125
8946,0.0
8953,-0.0625
8966,-0.375
8976,-0.25
8976,-0.25
8988,0.0
8996,0.0
9003,0.0625
9016,0.125
9026,0.0625
9038,-0.125
9045,0.0
9053,0.1875
9065,0.25
9075,-0.125
9088,-0.1875
9095,0.0625
9103,-0.0625
9115,-0.0625
9125,0.0
9139,-0.125
9146,-0.125
9153,0.0625
9165,-0.125
9175,0.125
9188,0.1875
9195,0.0
9203,0.125
9215,0.0
9225,-0.125
9237,-0.0625
9245,-0.0625
9253,-0.0625
9265,0.0
9274,-0.0625
9288,-0.1875
9294,-0.3125
9303,-0.375
9314,-0.3125
9324,-0.0625
9324,-0.0625
9346,0.1875
9353,0.0
9364,0.0
9374,0.125
9389,0.25
9394,0.0
9403,-0.3125
9414,-0.25
9424,-0.25
9434,0.0625
9444,-0.0625
9453,-0.125
9464,-0.1875
9474,-0.0625
9485,-0.125
9494,0.0
9503,0.125
9514,0.0
9523,-0.125
9539,-0.25
9544,-0.125
9553,-0.125
9563,0.25
9573,0.125
9583,0.25
9593,0.0625
9603,-0.125
9613,-0.1875
9623,-0.0625
9623,-0.0625
9634,-0.125
9643,-0.3125
9653,0.0
9663,0.0
9673,0.0
9673,0.0
9683,-0.25
9693,-0.0625
9703,0.25
9713,-0.1875
9723,-0.3125
9737,-0.1875
9743,-0.0625
9753,0.0
9763,0.1875
9773,0.1875
9783,-0.0625
9793,0.125
9803,0.125
9813,-0.0625
9823,0.1875
9823,0.1875
9833,0.0
9843,0.125
9853,0.125
9863,0.0
9873,-0.0625
9886,-0.125
9893,0.0
9903,-0.0625
9913,-0.0625
9923,-0.1875
9933,-0.125
9943,-0.0625
9953,-0.125
9963,0.0625
9973,-0.125
9983,0.0
9993,-0.125
10003,0.125
10013,0.0625
10023,0.125
10023,0.125
10036,0.125
10043,0.125
10053,-0.0625
10063,-0.125
10073,0.0625
10083,0.0625
10093,-0.1875
10104,-0.125
10113,-0.125
10123,-0.0625
10134,-0.0625
10143,-0.1875
10154,-0.0625
10163,-0.1875
10173,0.0
10188,-0.1875
10193,0.0625
10204,-0.125
10214,-0.125
10224,-0.0625
10234,-0.1875
10244,-0.0625
10254,-0.1875
10264,0.0
10274,0.0625
10284,0.0625
10294,-0.0625
10304,-0.125
10314,0.0
10324,0.1875
10334,-0.0625
10344,-0.0625
10354,0.1875
10364,0.0
10374,0.0
10388,0.0
10394,0.5625
10404,0.125
10414,0.625
10424,0.5
10424,0.5
10434,0.25
10444,-0.0625
10454,0.0
10464,0.0625
10474,-0.0625
10474,-0.0625
10484,-0.4375
10494,0.125
10504,0.25
10514,-0.125
10524,0.125
10536,0.0
10544,-0.25
10554,0.0
10564,-0.0625
10574,-0.125
10584,-0.625
10594,-0.1875
10604,-0.1875
10614,-0.125
10624,0.625
10635,0.4375
10644,-0.5625
10655,-0.1875
10664,-0.0625
10674,-0.125
10684,0.4375
10694,0.125
10705,-0.25
10714,-0.25
10724,0.1875
10738,0.1875
10744,0.375
10755,0.4375
10764,0.0
10774,-0.25
10785,0.0625
10795,0.125
10805,0.0625
10814,0.0625
10825,0.1875
10835,-0.1875
10845,-0.125
10855,0.1875
10864,0.0
10875,0.25
10886,0.0
10895,-0.125
10905,0.0
10914,0.0
10925,0.1875
10937,0.1875
10945,-0.6875
10955,-0.25
10965,-0.25
10975,0.3125
10985,0.75
10995,0.0
11005,-0.25
11014,-0.25
11025,-0.25
11036,0.125
11045,0.0
11055,-0.25
11065,-0.25
11075,0.0625
11086,0.1875
11095,0.25
11105,0.125
11114,0.125
11125,-0.1875
11136,-0.1875
11145,-0.1875
11155,0.0625
11165,0.0625
11175,0.375
11175,0.375
11187,-0.1875
11195,-0.1875
11206,-0.25
11214,-0.125
11225,-0.1875
11225,-0.1875
11236,0.1875
11246,0.1875
11256,0.1875
11264,-0.25
11275,-0.1875
11286,-0.1875
11296,-0.1875
11306,0.0
11314,-0.1875
11326,-0.0625
11336,-0.0625
11346,-0.0625
11356,-0.0625
11364,-0.25
11376,-0.25
11387,0.1875
11396,0.1875
11406,0.375
11414,0.125
11426,-0.125
11426,-0.125
11438,-0.125
11446,-0.125
11456,0.0625
11464,0.1875
11476,0.3125
11486,0.0625
11496,0.125
11506,0.0625
11513,0.0625
11526,0.125
11526,0.125
11536,0.0
11546,0.125
11556,0.0625
11564,-0.125
11576,0.0
11576,0.0
11587,0.0
11596,0.0
11606,0.0
11613,0.125
11626,0.125
11637,0.0625
11646,0.0625
11656,-0.0625
11663,-0.125
11676,-0.125
11676,-0.125
11689,0.0
11696,0.0
11706,0.0
11713,-0.1875
11726,-0.0625
11738,0.0
11746,0.0
11756,-0.25
11763,-0.0625
11776,-0.125
11776,-0.125
11787,-0.1875
11796,-0.1875
11806,-0.0625
11813,-0.25
11826,-0.25
11826,-0.25
11837,-0.125
11846,-0.125
11856,0.0625
11863,0.125
11876,0.0625
11888,0.0625
11896,0.0625
11906,0.25
11913,-0.25
11926,0.0
11938,-0.0625
11946,-0.0625
11956,-0.0625
11963,0.125
11976,-0.25
11976,-0.25
11990,0.0
11997,0.0
12006,0.0
12013,0.125
12026,-0.0625
12038,-0.25
12045,0.0625
12056,0.0625
12063,-0.1875
12075,-0.1875
12075,-0.1875
12088,-0.125
12095,-0.125
12105,-0.0625
12113,0.125
12125,0.0625
12125,0.0625
12138,0.125
12145,-0.0625
12155,-0.1875
12163,-0.3125
12175,-0.0625
12175,-0.0625
12188,0.0625
12194,0.0625
12205,0.125
12213,0.125
12225,-0.0625
12239,0.1875
12245,0.1875
12255,-0.0625
12263,-0.0625
12275,-0.0625
12275,-0.0625
12286,0.0
12294,-0.125
12305,-0.375
12313,0.0
12324,0.125
12336,0.0625
12344,-0.3125
12354,0.0625
12363,-0.0625
12374,-0.0625
12386,0.1875
12394,-0.0625
12404,-0.0625
12413,-0.125
12424,-0.0625
12424,-0.0625
12440,0.1875
12446,0.1875
12454,-0.0625
12463,-0.0625
12474,0.0
12484,-0.0625
12494,-0.125
12503,-0.125
12513,0.0
12523,0.0625
12523,0.0625
12535,-0.125
12543,-0.0625
12553,0.0625
12563,0.0
12573,0.0625
12573,0.0625
12585,0.0625
12593,-0.125
12603,-0.25
12613,-0.0625
12623,-0.5625
12639,-0.3125
12644,0.0
12653,0.0
12663,-0.0625
12673,0.0625
12683,0.125
12693,0.3125
12703,-0.25
12713,-0.25
12723,-0.0625
12733,0.0
12743,0.125
12753,0.0
12763,0.0
12773,-0.25
12789,-0.1875
12793,-0.0625
12803,-0.1875
12813,-0.0625
12823,0.0625
12833,0.0625
12843,-0.1875
12853,-0.3125
12863,-0.1875
12873,-0.125
12883,-0.25
12893,0.0
12903,-0.0625
12913,0.125
12923,0.0625
12939,-0.0625
12943,-0.125
12953,0.0
12963,0.125
12973,0.0625
12973,0.0625
12983,0.1875
12993,0.0
13003,0.1875
13013,-0.25
13023,-0.25
13033,-0.0625
13043,0.0
13053,-0.125
13064,-0.0625
13073,0.0
13088,0.0625
13093,0.0625
13103,-0.125
13114,0.0625
13123,0.0625
13133,0.1875
13143,0.25
13153,0.125
13164,0.0625
13173,0.0625
13183,-0.25
13193,-0.25
13204,0.0625
13214,0.4375
13224,-0.0625
13234,-0.0625
13244,0.0625
13254,-0.25
13264,-0.1875
13274,-0.3125
13288,-0.5625
13294,-0.5625
13304,-0.25
13314,0.0
13324,0.375
13334,0.125
13344,-0.125
13354,0.0
13364,-0.125
13374,-0.3125
13384,-0.0625
13394,-0.125
13404,-0.125
13414,-0.125
13424,-0.25
13424,-0.25
13436,-0.375
13444,-0.3125
13454,-0.1875
13464,-0.0625
13474,-0.125
13484,0.125
13494,0.0625
13504,-0.0625
13514,0.1875
13524,-0.25
13524,-0.25
13535,-0.0625
13544,-0.1875
13554,-0.25
13564,-0.125
13574,0.125
13585,0.0
13594,0.0625
13604,0.0625
13614,0.0625
13624,0.125
13638,-0.0625
13644,0.0625
13654,0.0625
13665,0.0
13674,-0.0625
13685,-0.0625
13694,-0.125
13705,0.0625
13715,-0.25
13724,0.1875
13735,-0.125
13744,0.0
13754,-0.0625
13765,0.0625
13775,-0.1875
13775,-0.1875
13785,0.0625
13795,0.0
13805,0.0
13815,0.25
13824,0.0
13824,0.0
13837,0.0
13845,-0.3125
13855,-0.3125
13865,0.125
13875,-0.0625
13885,0.25
13895,0.0
13905,0.0
13915,-0.1875
13924,-0.1875
13924,-0.1875
13935,-0.3125
13945,-0.1875
13955,0.125
13965,-0.0625
13975,-0.0625
13985,0.0625
13995,-0.0625
14005,0.0625
14015,0.3125
14024,0.3125
14035,0.0
14045,-0.375
14055,-0.0625
14065,-0.125
14075,-0.125
14087,0.1875
14095,-0.125
14105,0.0625
14115,-0.1875
14124,-0.1875
14135,-2.5625
14145,-2.4375
14155,-1.5625
14166,-1.5625
14174,0.875
14186,0.5
14195,0.5
14205,-0.375
14216,-0.5625
14224,0.0625
14236,-1.0
14245,-1.0
14256,-0.0625
14266,0.4375
14275,0.375
14286,0.75
14296,0.75
14306,-0.0625
14316,0.125
14323,-0.4375
14337,-0.25
14346,-0.25
14356,0.0625
14366,0.75
14374,0.4375
14386,0.25
14396,-0.0625
14406,-0.3125
14416,-0.4375
14423,-0.125
14423,-0.125
14436,-0.25
14446,0.25
14456,0.5625
14466,0.5
14474,0.125
14486,-0.1875
14496,-0.25
14506,-0.875
14516,-0.6875
14523,-0.1875
14536,0.25
14546,0.5
14556,0.375
14566,0.0625
14573,-0.1875
14588,-0.25
14596,-0.25
14606,-0.25
14616,0.0625
14623,0.1875
14636,0.375
14646,0.3125
14656,0.0
14666,-0.1875
14673,-0.375
14686,-0.5
14696,-0.375
14706,-5.75
14716,-21.0
14723,-10.3125
14723,-10.3125
14733,-2.9375
14746,0.75
14756,6.1875
14766,8.375
14773,13.5625
14783,10.0
14792,0.0
14800,0.0
14810,0.0
14820,0.0
14830,0.0
14840,0.0
14850,0.0
14860,0.0
14870,0.0
14870,0.0
14880,0.0
14890,0.0
14900,0.0
14910,0.0
14920,0.0
14930,0.0
14946,0.625
14956,2.25
14966,1.5625
14973,0.1875
14986,-0.9375
14996,-1.1875
15005,-2.75
15015,-2.125
15023,0.1875
15035,-0.5625
15045,-0.4375
15055,-0.75
15065,-0.9375
15073,-1.25
15085,-1.0
15095,-0.8125
15105,0.25
15114,1.3125
15123,0.4375
15136,-1.375
15144,-1.1875
15152,0.0
15163,-1.375
15170,0.0
